NAME,CRS
A SHOP BOGIE STORE NO.1,XIF
ABBEY WOOD,ABW
ABBEY WOOD EL,ABX
ABER,ABE
ABERCYNON,ACY
ABERDARE,ABA
ABERDARE PLATFORM 2,XCB
ABERDEEN,ABD
ABERDOUR,AUR
ABERDOVEY,AVY
ABERERCH,ABH
ABERFFRWD,AFD
ABERGAVENNY,AGV
ABERGELE & PENSARN,AGL
ABERTEIFI/CARDIGAN FINCHES,CAI
ABERTILLERY,XTL
ABERYSTWYTH,AYW
ABINGDON (BUS),XAE
Abraham Moss Mtlk,AMM
ACCRINGTON,ACR
ACHANALT,AAT
ACHNASHEEN,ACN
ACHNASHELLACH,ACH
ACKLINGTON,ACK
ACLE,ACL
ACOCKS GREEN,ACG
ACTON BRIDGE,ACB
ACTON CENTRAL,ACC
ACTON MAIN LINE,AML
ACTON TOWN LT,ZAT
ACTON(ML) MARSHALLING YARD,XAX
ADDERLEY PARK BIRMINGHAM,ADD
ADDIEWELL,ADW
ADDLESTONE,ASN
ADISHAM,ADM
ADLINGTON (CHESHIRE),ADC
ADLINGTON (LANCASHIRE),ADL
ADWICK,AWK
AIGBURTH,AIG
AINSDALE,ANS
AINTREE,AIN
AIRBLES,AIR
AIRDRIE,ADR
AIRPORT (NEWCASTLE),APN
ALBANY PARK,AYP
ALBANY PARK,AYP
ALBANY PARK,AYP
ALBANY PARK,AYP
ALBRIGHTON,ALB
ALDEBURGH,ALG
ALDERLEY EDGE,ALD
ALDERMASTON,AMT
ALDERSBROOK UP CARR SDGS,XAK
ALDERSHOT,AHT
ALDGATE EAST LT,ZAE
ALDGATE LT,ZAD
ALDRINGTON,AGT
ALEXANDRA PALACE,AAP
ALEXANDRA PARADE GLASGOW,AXP
ALEXANDRIA,ALX
ALFRETON,ALF
ALLBROOK,XEW
ALLENS WEST,ALW
ALLERTON TMD,XAL
ALLOA,ALO
ALNESS,ASS
ALNMOUTH,ALM
ALPAMARE WATER PARK,AWP
ALRESFORD (ESSEX),ALR
ALRESFORD (MID HANTS),ARF
ALSAGER,ASG
ALSTONE CHS,XCX
ALTHORNE,ALN
ALTHORPE,ALP
ALTNABREAC,ABC
ALTOFTS,ATS
ALTON,AON
ALTON TOWERS,ATW
ALTRINCHAM,ALT
ALTRINCHAM METROLINK,XNA
ALVECHURCH,ALV
ALVECHURCH RED LION PUB,ARP
AMBERGATE,AMB
AMBERGATE JUNCTION,XAJ
AMBERLEY,AMY
AME OOC DSL MTNCE DEPOT PART 1,XOL
AMERSHAM LT,AMR
AMFS - HOO JN. W.SEC TERM,XHG
AMIENS,AMI
AMINGTON JN,XIM
AMLWCH,AMW
AMMANFORD,AMF
AMPFIELD,AMD
AMSTERDAM CS,AMS
ANCASTER,ANC
ANCHORAGE MTLK,ANH
ANDERSTON,AND
ANDOVER,ADV
ANERLEY,ANZ
ANGMERING,ANG
ANNAN,ANN
ANNIESLAND GLASGOW,ANL
ANNIESLAND GLASGOW,ANL
ANSDELL & FAIRHAVEN,AFV
ANTRIM,ANM
APPERLEY BRIDGE,APY
APPLEBY,APP
APPLEDORE,APD
APPLEFORD,APF
APPLEY BRIDGE,APB
APSLEY,APS
ARBROATH,ARB
ARDGAY,ARD
ARDLUI,AUI
ARDRAHAN,XAG
ARDROSSAN CHS,XAT
ARDROSSAN HARBOUR,ADS
ARDROSSAN SOUTH BEACH,ASB
ARDROSSAN TOWN,ADN
ARDWICK,ADK
ARDWICK T.M.D,XRK
ARGYLE STREET GLASGOW,AGS
ARISAIG,ARG
ARKLOW,ARW
ARLESEY,ARL
ARMADALE,ARM
ARMADALE (SKYE),ARA
ARMATHWAITE,AWT
ARNSIDE,ARN
ARRAM,ARR
ARROCHAR & TARBET,ART
ARUNDEL,ARU
ARUNDEL JUNCTION,XXA
ARUNDEL LONDON ROAD,ARZ
ASCOT,ACT
ASCOTT-UNDER-WYCHWOOD,AUW
ASH,ASH
ASH VALE,AHV
ASHBURYS,ABY
ASHCHURCH,ASC
ASHFIELD,ASF
ASHFORD (KENT),AFK
ASHFORD (MIDDLESEX),AFS
ASHFORD EAST JN (CTRL),XIE
ASHFORD INT (PLATS 3-4),ASI
ASHFORD WEST JN (CTRL),XIW
ASHINGTON,ASL
ASHLEY,ASY
ASHLEY DOWN,ASD
ASHTEAD,AHD
ASHTON MOSS METROLINK,AMO
ASHTON WEST METROLINK,AWL
ASHTON-UNDER-LYNE,AHN
ASHTON-UNDER-LYNE METROLINK,AUL
ASHURST BALD FACE STAG P.H.,ABF
ASHURST KENT,AHS
ASHURST NEW FOREST,ANF
ASHURST NEW FOREST,ANF
ASHWELL & MORDEN,AWM
ASKAM,ASK
ASLOCKTON,ALK
ASPATRIA,ASP
ASPLEY GUISE,APG
ASTON BIRMINGHAM,AST
ATHERSTONE,ATH
ATHERTON,ATN
ATTADALE,ATT
ATTENBOROUGH,ATB
ATTERCLIFFE,ATE
ATTLEBOROUGH,ATL
AUCHINLECK,AUK
AUDENSHAW METROLINK,ASM
AUDLEY END,AUD
AUGHTON PARK,AUG
AVEBURY RED LION BUS STOP,XAF
AVIEMORE,AVM
AVIGNON,AVI
AVONCLIFF,AVF
AVONCLIFF,AVF
AVONMOUTH,AVN
AXMINSTER,AXM
AXMINSTER,AXM
AYLESBURY,AYS
AYLESBURY VALE PARKWAY,AVP
AYLESFORD,AYL
AYLESHAM,AYH
AYNHO (CLOSED),XAN
AYR,AYR
AYR CARRIAGE CLEANING,XAR
B R CARRIAGE SIDINGS,XSQ
B R CARRIAGE SIDINGS,XGP
B R CARRIAGE SIDINGS,XSX
B R CARRIAGE SIDINGS,XEJ
B R CARRIAGE SIDINGS,XFY
B R SIDINGS,XWJ
BACHE,BAC
BAGLAN,BAJ
BAGSHOT,BAG
Baguley Metrolink,BGK
BAILDON,BLD
BAILLIESTON,BIO
BAKER STREET LT,ZBS
BAKEWELL (BUXTON ROAD),BKZ
BALA STRYD FAWR / HIGH ST,BAZ
BALCOMBE,BAB
BALDOCK,BDK
BALGRAY,BGY
BALHAM,BAL
BALLOCH,BHC
BALMOSSIE,BSI
BALTIC SIDING,XGC
BAMBER BRIDGE,BMB
BAMFORD,BAM
BANAVIE,BNV
BANBURY,BAN
BANGOR (GWYNEDD),BNG
BANK HALL,BAH
BANSTEAD,BAD
BANSTEAD,BAD
BARASSIE,BSS
BARBICAN LT,ZBB
BARDON MILL,BLL
BARE LANE,BAR
BARGEDDIE,BGI
BARGOED,BGD
BARKING,BKG
BARKING LT,ZKB
BARKING RIVERSIDE,BGV
BARLASTON,BRT
BARLASTON ORCHARD PLACE,BPL
Barlow Moor Road Metrolink,BMM
BARMING,BMG
BARMOUTH,BRM
BARNEHURST,BNH
BARNES,BNS
BARNES BRIDGE,BNI
BARNETBY,BTB
BARNHAM,BAA
BARNHILL GLASGOW,BNL
BARNSLEY,BNY
BARNSLEY INTERCHANGE,BNX
BARNSTAPLE,BNP
BARNSTAPLE STATION BS,XUS
BARNT GREEN,BTG
BARONS COURT LT,ZBQ
BARRHEAD,BRR
BARRHILL,BRL
BARROW HAVEN,BAV
BARROW-IN-FURNESS,BIF
BARROW-IN-FURNESS C.S.,XBF
BARROW-UPON-SOAR,BWS
BARRY,BRY
BARRY DOCKS,BYD
BARRY ISLAND,BYI
BARRY LINKS,BYL
BARTON UNDER NEEDWOOD RSMD,XUN
BARTON-ON-HUMBER,BAU
BASFORD HALL YARD (FL),XXM
BASILDON,BSO
BASINGSTOKE,BSK
BASINGSTOKE,BSK
BASINGSTOKE CARR SVCG,XBS
BASINGSTOKE DOWN YARD,XBT
BASINGSTOKE UP YARD,XBZ
BAT & BALL,BBL
BATH BUS STATION,XDO
BATH SPA,BTH
BATHGATE,BHG
BATLEY,BTL
BATTERSBY,BTT
BATTERSEA PARK LONDON,BAK
BATTLE,BAT
BATTLESBRIDGE,BLB
BAYFORD,BAY
BEACONSFIELD,BCF
BEARLEY,BER
BEARSDEN,BRN
BEARSTED,BSD
BEASDALE,BSL
BEAULIEU PARK,BPA
BEAULIEU ROAD,BEU
BEAULY,BEL
BEBINGTON,BEB
BECCLES,BCC
BECKENHAM HILL,BEC
BECKENHAM JUNCTION,BKJ
BECKENHAM JUNCTION,BKJ
BECKENHAM JUNCTION,BKJ
BECONTREE LT,ZBZ
BEDDINGTON LANE,BED
BEDFORD BR,BFO
BEDFORD BUS STATION,XDW
BEDFORD MIDLAND,BDM
BEDFORD MIDLAND,BDM
BEDFORD ST JOHNS,BSJ
BEDHAMPTON,BDH
BEDHAMPTON,BDH
BEDLINGTON,BEJ
BEDMINSTER,BMT
BEDWORTH,BEH
BEDWYN,BDW
BEESTON,BEE
BEKESBOURNE,BKS
BELFAIRS BUS,XBX
BELFAST BR OFF 20 DONEGALL QY,BFQ
BELFAST GPO,XBB
BELFAST LANYON PLACE,BFC
BELFAST PORT,BFA
BELFORD BUS,BFB
BELLE ISLE,XKB
BELLE VUE,BLV
BELLGROVE GLASGOW,BLG
BELLINGHAM,BGM
BELLSHILL,BLH
BELMONT SURREY,BLM
BELPER,BLP
BELTRING,BEG
BELVEDERE,BVD
BEMPTON,BEM
BEN RHYDDING,BEY
Benchill Metrolink,BNK
BENFLEET,BEF
BENHAR JN,XJB
BENTHAM,BEN
BENTLEY,BTY
BENTLEY (S. YORKS),BYK
BENTON (METRO),BNO
BERE ALSTON,BAS
BERE FERRERS,BFE
BERKHAMSTED,BKM
BERKSWELL,BKW
BERMONDSEY LT,ZEO
BERMUDA PARK,BEP
BERNEY ARMS,BYA
BERRY BROW,BBW
BERRYLANDS,BRS
BERWICK,BRK
BERWICK-UPON-TWEED,BWK
BESCAR LANE,BES
BESCOT MSH YD FRT,XBY
BESCOT STADIUM,BSC
BESSES O TH BARN,BOB
BETCHWORTH,BTO
BETCHWORTH,BTO
BETHNAL GREEN,BET
BETTEMBOURG (LUXEMBOURG),BBR
BETWS-Y-COED,BYC
BEVERLEY,BEV
BEWDLEY,BEW
BEXHILL,BEX
BEXLEY,BXY
BEXLEYHEATH,BXH
BICESTER,BCS
BICESTER BURE PLACE,XEZ
BICESTER GAVRAY JUNCTION,XGY
BICESTER SOUTH JUNCTION,XJV
BICESTER STNS,BCR
BICESTER VILLAGE,BIT
BICKLEY,BKL
BICKLEY JUNCTION,XLY
BIDSTON,BID
BIGGLESWADE,BIW
BILBROOK,BBK
BILLERICAY,BIC
BILLINGHAM ON TEES,BIL
BILLINGSHURST,BIG
BINGHAM,BIN
BINGLEY,BIY
BIRCHES HEAD,BHH
BIRCHGROVE,BCG
BIRCHINGTON-ON-SEA,BCH
BIRCHWOOD,BWD
BIRKBECK,BIK
BIRKDALE,BDL
BIRKENHEAD 12 QUAYS,BKI
BIRKENHEAD CENTRAL,BKC
BIRKENHEAD EMUD TRACTION ENGRG,XDB
BIRKENHEAD HAMILTON SQUARE,BKQ
BIRKENHEAD NORTH,BKN
BIRKENHEAD PARK,BKP
BIRMINGHAM AIRPORT (BUS),XFG
BIRMINGHAM BORDESLEY,BBS
BIRMINGHAM BR,BIR
BIRMINGHAM INT'L BUS STATION,XNE
BIRMINGHAM INTERNATIONAL,BHI
BIRMINGHAM MOOR STREET,BMO
BIRMINGHAM NEW STREET,BHM
BIRMINGHAM NEW STREET,BHM
BIRMINGHAM SNOW HILL,BSW
BISHOP AUCKLAND,BIA
BISHOP AUCKLAND,BIA
BISHOPBRIGGS,BBG
BISHOPS LYDEARD (BUS),BLS
BISHOPS LYDEARD HITHERMEAD,XLU
BISHOPS LYDEARD(W.SOMERSET RY),BIB
BISHOPS STORTFORD,BIS
BISHOPSTONE,BIP
BISHOPSTONE (HILL RISE),BST
BISHOPTON,BPT
BITTERNE,BTE
BLACKBURN,BBN
BLACKFRIARS LONDON,BFR
BLACKHEATH,BKH
BLACKHORSE ROAD,BHO
BLACKPOOL CSOP,XNS
BLACKPOOL NORTH,BPN
BLACKPOOL PLEASURE BEACH,BPB
BLACKPOOL SOUTH,BPS
BLACKRIDGE,BKR
BLACKROD,BLK
BLACKWATER,BAW
BLACKWOOD,XKW
BLAEENCWM,BCW
BLAENAU FFESTINIOG,BFF
BLAENRHONDDA,BLZ
BLAIR ATHOLL,BLA
BLAIRHILL COATBRIDGE,BAI
BLAKE STREET,BKT
BLAKEDOWN,BKD
BLANTYRE,BLT
BLAYDON,BLO
BLEASBY,BSB
BLENHEIM PALACE,BHP
BLENHEIM PALACE via OXP,XFP
BLETCHLEY,BLY
BLETCHLEY FREIGHT SIDINGS,XYB
BLETCHLEY HIGH LEVEL,BLU
BLETCHLEY T&RS W/SHOP STF,XBQ
BLOXWICH,BLX
BLOXWICH NORTH,BWN
BLUNDELLSANDS & CROSBY,BLN
BLYTH BEBSIDE,BLI
BLYTHE BRIDGE,BYB
BO PEEP JCN SIGNAL BOX,XOP
BOAT OF GARTEN,BGR
BOCHUM HBF,BUM
BODMIN MOUNT FOLLY,BDF
BODMIN MOUNT FOLLY,BDF
BODMIN PARKWAY,BOD
BODORGAN,BOR
BOGNOR REGIS,BOG
BOGNOR REGIS  CARRIAGE SIDINGS,XBN
BOGSTON PORT GLASGOW,BGS
BOLTON,BON
BOLTON-ON-DEARNE,BTD
BOND STREET EL,BDS
BONN HBF,BNJ
BOOKHAM,BKA
BOOTHFERRY PARK HULL,BFP
BOOTLE (CUMBRIA),BOC
BOOTLE NEW STRAND (MERSEYSIDE),BNW
BOOTLE ORIEL ROAD (MERSEYSIDE),BOT
BOOTLE STATIONS,BOO
BORDEAUX ST JEAN,BOX
BORDESLEY JUNCTION,XIR
BORDON,BDZ
BOROUGH GREEN & WROTHAM,BRG
BORTH,BRH
BOSHAM,BOH
BOSTON,BSN
BOSTON MANOR LT,ZBM
BOTLEY,BOE
BOTTESFORD,BTF
BOULOGNE MARITIME,BOU
BOUNDS GREEN,XGD
BOUNDS GREEN LT,ZBG
BOURG ST MAURICE,XIB
BOURNE END,BNE
BOURNE END JN (HERTS),XOE
BOURNEMOUTH,BMH
Bournemouth Hurn Airport,BHA
BOURNEMOUTH MAINTENANCE,XBM
BOURNVILLE,BRV
BOW BRICKHILL,BWB
BOW JUNCTION,XOW
BOW STREET,BOW
BOWES PARK,BOP
BOWKER VALE,BKV
BOWLING DUMBARTON,BWG
BOX HILL & WESTHUMBLE,BXW
BOXHILL BURFORD BRIDGE HOTEL,BXX
BR ABBOTSWOOD JN ENG SIDING,XAY
BR CARRIAGE SIDINGS,XOK
BR CARRIAGE SIDINGS,XPS
BR CARRIAGE SIDINGS,XWD
BR CARRIAGE SIDINGS,XCP
BR CARRIAGE SIDINGS,XWA
BR LINCOLN TERRACE SIDINGS,XTT
BR SIDINGS,XPC
BR STOKE WKS JN ENG SIDINGS,XSW
BR TRANSFER SORTING SIDINGS,XSJ
BR WEST YARD,XPW
BRACKNELL,BCE
BRADFORD BR,BFS
BRADFORD FORSTER SQUARE,BDQ
BRADFORD INTERCHANGE,BDI
BRADFORD-ON-AVON,BOA
BRADING,BDN
BRAINTREE,BTR
BRAINTREE FREEPORT,BTP
BRAMHALL,BML
BRAMLEY (HANTS),BMY
BRAMLEY (WEST YORKSHIRE),BLE
BRAMPTON,BRP
BRAMPTON (CUMBRIA),BMP
BRANCHTON,BCN
BRANDON,BND
BRANKSOME,BSM
BRAY,BZY
BRAYSTONES,BYS
BREAKDOWN/RECOVERY EASTFIELD,XED
BRECON BUS INTERCHANGE,BEO
BREDBURY,BDY
BREICH,BRC
BRENT CROSS WEST,BCZ
BRENTFORD,BFD
BRENTWOOD,BRE
BRETT MARINE,XLF
BRICKET WOOD,BWO
BRICKLAYERS ARMS JUNCTION,XLJ
BRIDGE OF ALLAN,BEA
BRIDGE OF ORCHY,BRO
BRIDGEND,BGN
BRIDGETON,BDG
BRIDGWATER,BWT
BRIDLINGTON,BDT
BRIERFIELD,BRF
BRIGG,BGG
BRIGHOUSE,BGH
BRIGHTON,BTN
BRIGHTON  LOVERS WALK SIDINGS,XBI
BRIGHTON  MONTPELIER SIDINGS,XMP
BRIGHTON DOWN SIDING,XBP
BRIMSDOWN,BMD
BRINNINGTON,BNT
Bristol Airport A1 Bristol,BSA
Bristol Airport A3 Weston,BWE
BRISTOL INTERNATIONAL AIRPORT,XPB
BRISTOL PARKWAY,BPW
BRISTOL T.M. STATION APPROACH,XDU
BRISTOL TEMPLE MEADS,BRI
BRISTOL TEMPLE MEADS,BRI
BRIT GYPSUM LTD (MOUNTFIELD),XMO
BRITHDIR,BHD
BRITON FERRY,BNF
BRIXHAM (BUS),BXT
BRIXTON,BRX
BRML HQ,XFB
BRML WOLVERTON,XGH
BROAD GREEN,BGE
BROADBOTTOM,BDB
BROADFORD,BDD
BROADSTAIRS,BSR
BROADWAY MTLK,BRD
BROCKENHURST,BCU
BROCKHOLES,BHS
BROCKLEY,BCY
BROCKLEY WHINS,BNR
BRODICK (ARRAN),BDC
BROMBOROUGH,BOM
BROMBOROUGH RAKE,BMR
BROMLEY CROSS,BMC
BROMLEY NORTH,BMN
BROMLEY SOUTH,BMS
BROMLEY-BY-BOW LT,ZBW
BROMSGROVE,BMV
BRONDESBURY,BSY
BRONDESBURY PARK,BSP
BROOKLANDS,BOK
BROOKMANS PARK,BPK
BROOKWOOD,BKO
BROOME,BME
BROOMFLEET,BMF
BRORA,BRA
BROUGH,BUH
BROUGHTY FERRY,BYF
BROWNHILL JN,XBA
BROXBOURNE,BXB
BRUCE GROVE,BCV
BRUNDALL,BDA
BRUNDALL GARDENS,BGA
BRUNSTANE,BSU
BRUNSWICK,BRW
BRUTON,BRU
BRUXELLES MIDI,BXS
BRYN,BYN
BUCKENHAM,BUC
BUCKFASTLEIGH,BFL
BUCKINGHAM TESCO,XEY
BUCKLAND JUNCTION,XUK
BUCKLEY,BCK
BUCKLEY WELLS CARRIAGE SDGS,XBU
BUCKNALL & NORTHWOOD,BNN
BUCKNELL,BUK
BUCKSHAW PARKWAY,BSV
BUCKSHAW PARKWAY,BSV
BUDE STRAND,BUA
BUGLE,BGL
BUGLE,BGL
BUILDWAS,BWL
BUILTH ROAD,BHR
BULWELL,BLW
BURES,BUE
BURGESS HILL,BUG
BURLEY PARK,BUY
BURLEY-IN-WHARFEDALE,BUW
BURNAGE,BNA
BURNESIDE,BUD
BURNHAM,BNM
BURNHAM MARKET,BMK
BURNHAM-ON-CROUCH,BUU
BURNLEY BARRACKS,BUB
BURNLEY CENTRAL,BNC
BURNLEY MANCHESTER ROAD,BYM
BURNSIDE,BUI
BURNTISLAND,BTS
BURSCOUGH BRIDGE,BCB
BURSCOUGH JUNCTION,BCJ
BURSLEDON,BUO
BURTON JOYCE,BUJ
BURTON ROAD METROLINK,BRZ
BURTON-ON-TRENT,BUT
BURY,BUR
BURY ST EDMUNDS,BSE
BURY STREET JN,XSG
BUSBY,BUS
BUSH HILL PARK,BHK
BUSHBURY,XBJ
BUSHEY,BSH
BUSHEY,BSH
BUTLERS LANE,BUL
BUXTED,BXD
BUXTON,BUX
BUXTON (MARKET PLACE),BUZ
BYFLEET & NEW HAW,BFN
BYNEA,BYE
C & W STABLING & SERVICING,XLG
CADOXTON,CAD
CAERAU PARK,XKC
CAERAU SQUARE (BUS STOP),CSQ
CAERGWRLE,CGW
CAERNARFON BUS STATION,CFS
CAERPHILLY,CPH
CAERSWS,CWS
CAIRNRYAN (LOCH RYAN PORT),CRP
CALAIS MARITIME,CAL
CALDERCRUIX,CAC
CALDICOT,CDT
CALEDONIAN ROAD & BARNSBURY,CIR
CALLINGTON NEW ROAD BUS STOP,XAH
CALNE STRAND BUS STOP,XAI
CALSTOCK,CSK
CAM & DURSLEY,CDU
CAMBERLEY,CAM
CAMBORNE,CBN
CAMBRIDGE,CBG
CAMBRIDGE HEATH,CBH
CAMBRIDGE NORTH,CMB
CAMBRIDGE PARKSIDE,XEC
CAMBRIDGE SOUTH,CMS
CAMBUSLANG,CBL
CAMDEN ROAD LONDON,CMD
CAMELON,CMO
CAMELON,CMO
CAMERON BRIDGE,CBX
CAMPBELTOWN,CBT
CANADA WATER,ZCW
CANARY WHARF EL,CWX
CANLEY,CNL
CANNA (ISLE OF CANNA),CNA
CANNOCK,CAO
CANNON STREET LONDON,CST
CANONBURY,CNN
CANONBURY,CNN
CANONBURY ELL,XIC
CANONBURY WEST JN,XJC
CANTERBURY BR,CTY
CANTERBURY EAST,CBE
CANTERBURY WEST,CBW
CANTLEY,CNY
CANVEY HAYSTACK CORNER,XHH
CANVEY LEIGH BECK,XLQ
CANVEY LINK ROAD & DINANT,XLR
CAPEL BANGOR,CPB
CAPEL CURIG CAFFI SIABOD,CAP
CAPENHURST,CPU
CARBIS BAY,CBB
CARBROOK,CAE
CARDENDEN,CDD
CARDIFF BAY,CDB
CARDIFF CATHAYS,CYS
CARDIFF CENTRAL,CDF
CARDIFF CENTRAL BUS STATION,CCB
CARDIFF INTERNATIONAL AIRPORT,XCF
CARDIFF QUEEN STREET,CDQ
CARDONALD GLASGOW,CDO
CARDROSS,CDR
CARFIN,CRF
CARK & CARTMEL,CAK
CARLISLE,CAR
CARLISLE STATION T&RS,XUM
CARLTON,CTO
CARLUKE,CLU
CARMARTHEN,CMN
CARMD,XCM
CARMD,XOY
CARMD(CARRIAGE ENGINEERING),XEN
CARMYLE,CML
CARN BREA,CAB
CARNFORTH,CNF
CARNOUSTIE,CAN
CARNTYNE GLASGOW,CAY
CARPENDERS PARK,CPK
CARRBRIDGE,CAG
CARRIAGE HOLDING SIDINGS,XFE
CARRIAGE HOLDING SIDINGS,XHQ
CARRIAGE SERVICING,XFR
CARRIAGE SERVICING & STABLING,XFH
CARRIAGE SIDINGS,XFO
CARRIAGE SIDINGS,XSE
CARRIAGE SIDINGS,XGT
CARRIAGE SIDINGS,XHS
CARRIAGE SIDINGS,XLC
CARRIAGE SIDINGS,XYA
CARRIAGE STABLING & SERVICING,XIP
CARRICK - ON - SUIR,CKU
CARSHALTON,CSH
CARSHALTON BEECHES,CSB
CARSTAIRS,CRS
CARSTAIRS,CRS
CARTSDYKE GREENOCK,CDY
CASTLE BAR PARK,CBP
CASTLE CARY,CLC
CASTLE HOWARD,CAQ
CASTLE SQUARE,CAX
CASTLEBAY (BARRA),CTB
CASTLEFORD CENTRAL,CFD
CASTLETON (GREATER MANCHESTER),CAS
CASTLETON MOOR,CSM
CATERHAM,CAT
CATFORD,CTF
CATFORD BR,CAF
CATFORD BRIDGE,CFB
CATHCART,CCT
CATTAL,CTL
CATTERICK GARRISON,XGO
CATTERICK GARRISON KEMMEL,CAZ
CATTERICK GARRISON TESCO,CGT
CAUSELAND,CAU
CEFN-Y-BEDD,CYB
CEGB,XDD
CEMETARY ROAD METROLINK,CRQ
Central Park Mtlk,CEM
CERBERE,CER
CHADWELL HEATH,CTH
CHAFFORD HUNDRED,CFH
CHALFONT & LATIMER LT,CFO
CHALKWELL,CHW
CHAMBERY CHALLES LES EAUX,CMC
CHANDLERS FORD,CFR
CHAPEL-EN-LE-FRITH,CEF
CHAPELTON DEVON,CPN
CHAPELTOWN,CLN
CHAPPEL & WAKES COLNE,CWC
CHARING,CHG
CHARING CROSS (GLASGOW),CHC
CHARING CROSS LONDON,CHX
CHARING CROSSOVER,XXB
CHARLBURY,CBY
CHARLBURY NINE ACRES LANE,CVG
CHARLEVILLE-MEZIERES,CHV
CHARLTON,CTN
CHART LEACON LEVEL 5 DEPOT,XEV
CHARTHAM,CRT
CHASSEN ROAD,CSR
CHATELHERAULT,CTE
CHATHAM,CTM
CHATHILL,CHT
CHEADLE HULME,CHU
CHEAM,CHE
CHEDDINGTON,CED
CHELFORD,CEL
CHELMSFORD,CHM
CHELSFIELD,CLD
CHELTENHAM RACECOURSE,CRC
CHELTENHAM SPA,CNM
CHEPSTOW,CPW
CHERRY HINTON,CYH
CHERRY TREE,CYT
CHERTSEY,CHY
CHESHAM LT,ZCM
CHESHUNT,CHN
CHESSINGTON NORTH,CSN
CHESSINGTON SOUTH,CSS
CHESTER,CTR
CHESTER DMUD (TRCTN ENGRG),XCH
CHESTER ROAD,CRD
CHESTER-LE-STREET,CLS
CHESTERFIELD,CHD
CHESTFIELD & SWALECLIFFE,CSW
CHETNOLE,CNO
CHICHESTER,CCH
CHILHAM,CIL
CHILWORTH,CHL
CHINGFORD,CHI
CHINLEY,CLY
CHINLEY,CLY
CHINNOR,CCK
CHIPPENHAM,CPM
CHIPPENHAM,CPM
CHIPPENHAM COCKLEBURY ROAD,XDM
CHIPPENHAM NEW ROAD BUS STOP,XDN
CHIPPING NORTON (BUS),CPG
CHIPSTEAD,CHP
CHIRK,CRK
CHISLEHURST,CIT
CHISWICK,CHK
CHISWICK PARK LT,ZCI
CHOLSEY,CHO
CHOLSEY & WALLINGFORD RLY,XLN
CHORLEY,CRL
CHORLEYWOOD LT,CLW
Chortlton Mtlk,CNK
CHRIST'S HOSPITAL WEST HORSHAM,CHH
CHRIST'S HOSPITAL WEST HORSHAM,CHH
CHRISTCHURCH,CHR
CHS,XBL
CHS,XWF
CHS,XLE
CHURCH & OSWALDTWISTLE,CTW
CHURCH FENTON,CHF
CHURCH STRETTON,CTT
CHURCHYARD CHS,XYR
CHURSTON (T&D RLY),CHS
CILMERI,CIM
CITY THAMESLINK,CTK
CIVIC CENTRE,CIC
CLACTON-ON-SEA,CLT
CLANDON,CLA
CLAPHAM (NORTH YORKSHIRE),CPY
CLAPHAM HIGH STREET,CLP
CLAPHAM JUNCTION LONDON,CLJ
CLAPHAM JUNCTION LONDON,CLJ
CLAPHAM JUNCTION LONDON,CLJ
CLAPHAM JUNCTION LONDON,CLJ
CLAPHAM JUNCTION LONDON,CLJ
CLAPHAM JUNCTION LONDON,CLJ
CLAPHAM YARD,XYM
CLAPTON,CPT
CLARBESTON ROAD,CLR
CLARKSTON,CKS
CLAVERDON,CLV
CLAYGATE,CLG
CLAYTON HALL METROLINK,CHB
CLEETHORPES,CLE
CLELAND,CEA
CLIFTON,CLI
CLIFTON DOWN,CFN
CLITHEROE,CLH
CLOCK HOUSE,CLK
CLONMEL,CLX
CLUNDERWEN,CUW
CLUNYBRIDGE JN,XCJ
CLYDEBANK CENTRAL,CYK
CM&EE CRAIGENTINNY T&RSMD,XCN
COATBRIDGE CENTRAL,CBC
COATBRIDGE SUNNYSIDE,CBS
COATDYKE,COA
COBHAM AND STOKE D'ABERNON,CSD
COCKERMOUTH (MAIN STREET),COX
COCKFOSTERS LT,ZCK
CODSALL,CSL
COGAN,CGN
COLCHESTER,COL
COLCHESTER BR,CCL
COLCHESTER TOWN,CET
COLCHESTER YARD,XLP
COLESHILL PARKWAY,CEH
COLL (ISLE OF),CLO
COLLINGHAM,CLM
COLLINGTON,CLL
COLNE,CNE
COLONSAY (ISLE OF),CYA
COLWALL,CWL
COLWICH,XCO
COLWYN BAY,CWB
COMBE,CME
COMBE MARTIN SEASIDE,CMA
COMERCIAL MANAGER LDN COASTWAY,XDV
COMMONDALE,COM
CONGLETON,CNG
CONISBROUGH,CNS
CONNEL FERRY,CON
CONON BRIDGE,CBD
CONONLEY,CEY
CONWAY PARK,CNP
CONWY,CNW
COODEN BEACH,COB
COOKHAM,COO
COOKSBRIDGE,CBR
COOMBE (CORNWALL),COE
COPPERMILL JUNCTION,XMI
COPPLESTONE,COP
CORBRIDGE,CRB
CORBY,COR
CORBY BUS STATION,CBZ
CORFE CASTLE,CFC
CORK,COK
CORK RINGASKIDDY FERRYPORT,COF
CORKERHILL CARR SERVICING DEPT,XCK
CORKERHILL GLASGOW,CKH
CORKICKLE,CKL
CORNBROOK MTLK,COZ
CORPACH,CPA
CORROUR,CRR
CORSHAM NEWLANDS ROAD BUS STOP,XAO
CORWEN GRSF BWS/BUS STN,CEN
CORYTON,COY
COSELEY,CSY
COSFORD,COS
COSHAM,CSA
COTTINGHAM,CGM
COTTINGLEY,COT
COULSDON SOUTH,CDS
COULSDON TOWN,CDN
COVENTRY,COV
COVENTRY,COV
COVENTRY ARENA,CAA
COWDEN,CWN
COWDEN CROSSROADS,COC
COWDENBEATH,COW
COWPLAIN SHOPS,CPS
CRADLEY HEATH,CRA
CRAIGENDORAN,CGD
CRAIGNURE (ISLE OF MULL),CRU
CRAMLINGTON,CRM
CRANBROOK,CBK
CRAUGHWELL,XCD
CRAVEN ARMS,CRV
CRAWLEY,CRW
CRAWLEY NEW YARD,XYC
CRAYFORD,CRY
CREDITON,CDI
CRESSING,CES
CRESSINGTON,CSG
CRESWELL (DERBYS),CWD
CREWE,CRE
CREWE CARRIAGE SIDINGS,XCR
CREWKERNE,CKN
CREWS HILL,CWH
CRIANLARICH,CNR
CRICCIETH,CCC
CRICKET INN ROAD,CIN
CRICKLEWOOD,CRI
CRISMILL CROSSOVER,XXG
CROFTFOOT,CFF
CROFTON DEPOT,XRF
CROFTON PARK,CFT
CROMER,CMR
CROMFORD,CMF
CROOKSTON GLASGOW,CKT
CROSS GATES YORKS,CRG
Crossacres Metrolink,CMK
CROSSFLATTS,CFL
CROSSHILL GLASGOW,COI
CROSSKEYS,CKY
CROSSMYLOOF GLASGOW,CMY
CROSTON,CSO
CROUCH HILL,CRH
CROWBOROUGH,COH
CROWHURST,CWU
CROWLE,CWE
CROWTHORNE,CRN
CROXLEY GREEN,CRX
CROXLEY LT,ZCO
CROY,CRO
CROYDON BR,CYD
CRUMPSALL,CRJ
CRYSTAL PALACE,CYP
CSD,XCC
CUDDINGTON,CUD
CUFFLEY,CUF
CULDROSE (RNAS),XAM
CULHAM,CUM
CULLOMPTON MARKET HOUSE,XDX
CULRAIN,CUA
CUMBERNAULD,CUB
CUMBRAE (ISLE OF),CUL
CUPAR,CUP
CURRIEHILL,CUH
CUSTOM HOUSE EL,CUS
CUXTON,CUX
CWMBACH,CMH
CWMBRAN,CWM
CYNGHORDY,CYN
DAGENHAM DOCK,DDK
DAGENHAM EAST LT,ZDE
DAGENHAM JUNCTION,XXH
DAISY HILL,DSY
DALGETY BAY,DAG
DALMALLY,DAL
DALMARNOCK,DAK
DALMENY,DAM
DALMENY,DAM
DALMUIR,DMR
DALREOCH,DLR
DALRY,DLY
DALSTON,DLS
DALSTON JUNCTION,DLJ
DALSTON KINGSLAND,DLK
DALTON,DLT
DALWHINNIE,DLW
DANBY,DNY
DANE ROAD,DRD
DANESCOURT,DCT
DANZEY,DZY
DARFIELD SALTERSBROOK ROAD,DFZ
DARLASTON,DAS
DARLINGTON,DAR
DARNALL,DAN
DARSHAM,DSM
DARTFORD,DFD
DARTFORD C.S.,XDT
DARTFORD JUNCTION,XRT
DARTMOUTH,XMT
DARTMOUTH PONTOON BUS STOP,XAP
DARTON,DRT
DARWEN,DWN
DATCHET,DAT
DAVENPORT,DVN
DAWLISH,DWL
DAWLISH WARREN,DWW
DAX,DAX
DEAL,DEA
DEAN,DEN
DEAN LANE,DNN
DEANSGATE,DGT
DEEPDENE,DPD
DEGANWY,DGY
DEIGHTON,DHN
DELAMERE,DLM
DEN HAAG HS,DHS
DENBY DALE,DBD
DENHAM,DNM
DENHAM GOLF CLUB,DGC
DENMARK HILL LONDON,DMK
DENT,DNT
DENTON,DTN
DEPOT,XFU
DEPOT MGR - HITHER GREEN,XHI
DEPTFORD,DEP
DEPTFORD BRIDGE DLR,ZDB
DERBY,DBY
DERBY ROAD IPSWICH,DBR
DEREHAM (MARKET PLACE)BUS,DEB
DERKER,DKR
DEVIL'S BRIDGE,DVB
DEVIZES MARKET PLACE BUS STOP,XAQ
DEVONPORT,DPT
DEVONPORT,DPT
DEWSBURY,DEW
DIDCOT PARKWAY,DID
DIDCOT PARKWAY,DID
DIDCOT PARKWAY,DID
DIDSBURY VILLAGE METROLINK,DVM
DIEPPE,DIE
DIGBY AND SOWTON,DIG
DILTON MARSH,DMH
DINAS (MID GLAMORGAN),DMG
DINAS POWYS,DNS
DINGLE ROAD,DGL
DINGWALL,DIN
DINSDALE,DND
DINTING,DTG
DISLEY,DSL
DISS,DIS
DMUD BOTANIC GARDENS,XBG
DOBBS BROW,DBB
DOCKYARD,DOC
DODWORTH,DOD
DOLAU,DOL
DOLE,DOE
DOLEHAM,DLH
DOLGARROG,DLG
DOLGELLAU SGWAR ELDON/SQ,DOG
DOLLANDS MOOR EAST,XTP
DOLLANDS MOOR SIDINGS,XLM
DOLWYDDELAN,DWD
DONCASTER,DON
DONCASTER INTERCHANGE,DOZ
DONCASTER WEST YARD,XWV
DORCHESTER BR,DRC
DORCHESTER SOUTH,DCH
DORCHESTER WEST,DCW
DORE,DOR
DORE,DOR
DORKING,DKG
DORKING BR,DRK
DORKING WEST,DKT
DORMANS,DMS
DORRIDGE,DDG
DORTMUND HBF,DTM
DOUGLAS (I.O.M.),DGS
DOVE HOLES,DVH
DOVER EAST DOCKS,DED
DOVER PRIORY,DVP
DOVERCOURT,DVC
DOVEY JUNCTION,DVY
DOWN & UP GOODS LOOP,XCS
DOWN CARRIAGE SHED,XEX
DOWN EAST END SIDING,XDF
DOWN WAPPING SIDINGS,XDG
DOWNHAM MARKET,DOW
DRAYTON GREEN,DRG
DRAYTON MANOR PARK,DRY
DRAYTON PARK,DYP
DREM,DRM
DRIFFIELD,DRF
DRIGG,DRI
DROITWICH SPA,DTW
DRONFIELD,DRO
DROYLSDEN METROLINK,DML
DRUMCHAPEL GLASGOW,DMC
DRUMFROCHAR,DFR
DRUMGELLOCH,DRU
DRUMRY,DMY
DUBLIN CONNOLLY,DCL
DUBLIN FERRYPORT,DFP
DUBLIN HEUSTON,DHT
DUBLIN PORT - STENA,DPS
DUDDESTON,DUD
DUDLEY PORT,DDP
DUESSELDORF HBF,DUS
DUFFIELD,DFI
DUFFTOWN,DUT
DUIRINISH,DRN
DUISBURG HBF,DUI
DUKE STREET GLASGOW,DST
DULLINGHAM,DUL
DULOE (CAUSELAND),DLE
DUMBARTON CENTRAL,DBC
DUMBARTON EAST,DBE
DUMBRECK,DUM
DUMFRIES,DMF
DUMPTON PARK,DMP
DUN LAOGHAIRE MALIN,DDB
DUN LOAGHAIRE,DLO
DUNBAR,DUN
DUNBLANE,DBL
DUNBRIDGE,DBG
DUNCRAIG HALT,DCG
DUNDEE,DEE
DUNDEE H.S.,XDE
DUNDEE WEST,DUE
DUNFERMLINE CITY,DFE
DUNFERMLINE QUEEN MARGARET,DFL
DUNKELD & BIRNAM,DKD
DUNLOP,DNL
DUNOON,DUO
DUNROBIN CASTLE,DNO
DUNS BUS STOP,DUU
DUNSTABLE,XAD
DUNSTER STEEP BUS STOP,XDY
DUNSTON,DOT
DUNTON GREEN,DNG
DURHAM,DHM
DURRINGTON-ON-SEA,DUR
DYCE,DYC
DYFFRYN ARDUDWY,DYF
E MIDS DESIGNER OUTLET,XYX
EAGLESCLIFFE,EAG
EALING BROADWAY,EAL
EALING BROADWAY,EAL
EARL'S COURT LT,ZET
EARLESTOWN,ERL
EARLEY,EAR
EARLSFIELD,EAD
EARLSTON BUS STOP,EAS
EARLSWOOD (SURREY),ELD
EARLSWOOD (WEST MIDLANDS),EWD
EAST BOLDON,EBL
EAST COWES,ECW
EAST CROYDON,ECR
EAST DIDSBURY,EDY
EAST DIDSBURY METROLINK,EDM
EAST DULWICH,EDW
EAST FARLEIGH,EFL
EAST GARFORTH,EGF
EAST GRINSTEAD,EGR
EAST HAM ELEC MD,XEM
EAST HAM LT,ZEH
EAST JUNCTION,XMF
EAST KILBRIDE,EKL
EAST LINTON,ELT
EAST MALLING,EML
EAST MIDLANDS AIRPORT (BUS),EMA
EAST MIDLANDS PARKWAY,EMD
EAST MIDS AIPORT (BUS) 2,XFI
EAST MIDS AIPORT (BUS) 3,XQB
EAST PUTNEY,ZPU
EAST TILBURY,ETL
EAST WORTHING,EWR
EASTBOURNE,EBN
EASTBOURNE  BR CARRIAGE SIDNGS,XEB
EASTBROOK,EBK
EASTERHOUSE,EST
EASTHAM RAKE,ERA
EASTLEIGH,ESL
EASTLEIGH BUSINESS TRAVEL,XEH
EASTRINGTON,EGN
EBBSFLEET,EBF
EBBSFLEET E JN,XXI
EBBSFLEET INTERNATIONAL,EBD
EBBSFLEET INTERNATIONAL,EBD
EBBSFLEET W JN,XXJ
EBBW VALE,EBB
EBBW VALE PARKWAY,EBV
ECCLES,ECC
ECCLES MTLK,ECM
ECCLES ROAD,ECS
ECCLESTON PARK,ECL
EDALE,EDL
EDEN CAMP,EDZ
EDEN PARK,EDN
EDEN PROJECT,XFJ
EDENBRIDGE,EBR
EDENBRIDGE BR,EDE
EDENBRIDGE TOWN,EBT
EDGE HILL DEPOT,XEG
EDGE HILL LIVERPOOL,EDG
EDGE LANE METROLINK,ELM
EDGINSWELL,EDS
EDGWARE LT,ZED
EDINBURGH,EDB
Edinburgh Airport,EDA
EDINBURGH BUS STATION,EBS
EDINBURGH GATEWAY,EGY
EDINBURGH PARK,EDP
EDMONTON GREEN,EDR
EFFINGHAM JUNCTION,EFF
EFFINGHAM JUNCTION NECK,XFF
EGGESFORD,EGG
EGHAM,EGH
EGTON,EGT
EIGG (ISLE OF),EIG
ELEPHANT & CASTLE,EPH
ELEPHANT & CASTLE LT,ZEL
ELGIN,ELG
ELLAND,ELN
ELLESMERE PORT,ELP
ELMERS END,ELE
ELMSTEAD WOODS,ESD
ELMSWELL,ESW
ELSECAR,ELR
ELSENHAM,ESM
ELSTREE,ELS
ELTHAM,ELW
ELTON & ORSTON,ELO
ELY NORTH JN,XYE
ELY(CAMB),ELY
EMBANKMENT LT,ZEK
EMERSON PARK,EMP
EMSWORTH,EMS
EMU STABLING SIDINGS,XYW
EMUD,XHE
ENDON,END
ENERGLYN & CHURCHILL PARK,ECP
ENFIELD BR,EFI
ENFIELD CHASE,ENC
ENFIELD LOCK,ENL
ENFIELD TOWN,ENF
ENG SHED &HOLBECK DEPOT JN,XES
ENNISCORTHY,ENS
ENTWISTLE,ENT
EPSOM,EPS
EPSOM  UP SIDINGS   (TPS ONLY),XFK
EPSOM DOWNS,EPD
ERDINGTON,ERD
ERIDGE,ERI
ERIDGE (A26 BUS STOP),ERB
ERITH,ERH
ESHER,ESH
ESKBANK,EKB
ESSEN HBF,ESS
ESSEX RD,EXR
ETCHES PARK T&RSMD (CARR ENG),XEP
ETCHINGHAM,ETC
ETIHAD CAMPUS METROLINK,EHC
EUSTON LONDON,EUS
EUXTON BALSHAW LANE,EBA
EUXTON JUNCTION,XOU
EVESHAM,EVE
EWELL EAST,EWE
EWELL WEST,EWW
EXCHANGE QUAY MTLK,EXQ
EXETER,XXF
EXETER AIRPORT,XXT
EXETER CENTRAL,EXC
EXETER ST DAVIDS,EXD
EXETER ST THOMAS,EXT
EXHIBITION CENTRE GLASGOW,EXG
EXMOUTH,EXM
EXTERNAL WASHERS ABERDEEN,XAC
EXTON,EXN
EYNSFORD,EYN
EYNSHAM,EYM
EYTHORNE (EAST KENT RAILWAY),EKR
FAILSWORTH,FLS
FAIRBOURNE,FRB
FAIRFIELD,FRF
FAIRLIE,FRL
FAIRWATER,FRW
FALCONWOOD,FCN
FALKIRK BR,FLK
FALKIRK GRAHAMSTON,FKG
FALKIRK HIGH,FKK
FALKLAND S.S.,XFA
FALLS OF CRUACHAN,FOC
FALMER,FMR
FALMOUTH DOCKS,FAL
FALMOUTH TOWN,FMT
FAREHAM,FRM
FARNBOROUGH (MAIN),FNB
FARNBOROUGH BR,FBO
FARNBOROUGH NORTH,FNN
FARNCOMBE,FNC
FARNHAM,FNH
FARNHAM CARR SVCG,XFN
FARNHAM E M U T DPT,XFM
FARNINGHAM ROAD,FNR
FARNWORTH,FNW
FARRINGDON,ZFD
FARRINGDON EL,FDX
FAULDHOUSE,FLD
FAVERSHAM,FAV
FAWKHAM JUNCTION,XWK
FAWKHAM JUNCTION NR/CTRL,XJN
FAYGATE,FGT
FAZAKERLEY LIVERPOOL,FAZ
FEARN,FRN
FEATHERSTONE,FEA
FELIXSTOWE,FLX
FELLGATE,FEG
FELTHAM,FEL
FENCHURCH STREET LONDON,FST
FENITON,FNT
FENNY COMPTON,XFC
FENNY STRATFORD,FEN
FENTON MANOR,FMA
FERME PARK RECEPTION SDGS,XFD
FERNDALE,FED
FERNHILL,FER
FERRIBY,FRY
FERRYSIDE,FYS
FFAIRFACH,FFA
FILEY,FIL
FILTON ABBEYWOOD,FIT
FINCHLEY ROAD & FROGNAL,FNY
FINCHLEY ROAD LT,ZFR
FINNINGLEY,FGY
FINSBURY PARK LONDON,FPK
FINSTOCK,FIN
Firswood Mtlk,FWN
FISHBOURNE,FSB
FISHBOURNE,FSB
FISHERSGATE,FSG
FISHGUARD AND GOODWICK,FGW
FISHGUARD HARBOUR,FGH
FISKERTON,FSK
FITZALAN SQUARE,FIZ
FITZWILLIAM,FZW
FIVE WAYS,FWY
FLAMINGO LAND,FLZ
FLEET,FLE
FLIMBY,FLM
FLINT,FLN
FLITWICK,FLT
FLIXTON,FLI
FLOWERY FIELD,FLF
FOLKESTONE BR,FOL
FOLKESTONE CENTRAL,FKC
FOLKESTONE WEST,FKW
FOLKSTONE EAST,FKE
FORBACH,FOB
FORD,FOD
FOREST GATE,FOG
FOREST GATE,FOG
FOREST HILL,FOH
FORMBY,FBY
FORRES,FOR
FORSINARD,FRS
FORT MATILDA,FTM
FORT WILLIAM,FTW
FOUR OAKS,FOK
FOWEY SAFE HARBOUR HOTEL,XAS
FOXFIELD,FOX
FOXHALL JN,XJF
FOXTON,FXN
FRANCE-NIMES,FNI
FRANKFURT (MAIN) HBF,FRA
FRANT,FRT
FRATTON PORTSMOUTH,FTN
FRATTON PORTSMOUTH,FTN
FREEHOLD METROLINK,FHM
FRESHFIELD,FRE
FRESHFORD,FFD
FRESHFORD,FFD
FRETHUN,FRH
FRIMLEY,FML
FRINTON-ON-SEA,FRI
FRIZINGHALL,FZH
FRODSHAM,FRD
FROME,FRO
FROME POST OFFICE/MARKET PLACE,XAU
FROSTERLEY,FRR
FULWELL,FLW
FURNESS VALE,FNV
FURZE PLATT,FZP
GAINSBOROUGH BR,GAI
GAINSBOROUGH CENTRAL,GNB
GAINSBOROUGH LEA ROAD,GBL
GALASHIELS,GAL
GALASHIELS BUS STATION,XAA
GALTON INTERCHANGE L.L,XGQ
GALTON JUNCTION,XGJ
GALWAY,GWY
GARELOCHHEAD,GCH
GARFORTH,GRF
GARGRAVE,GGV
GARROWHILL,GAR
GARSCADDEN GLASGOW,GRS
GARSDALE,GSD
GARSTON (HERTFORDSHIRE),GSN
GARSTON (MERSEYSIDE),GRM
GARSWOOD,GSW
GARTCOSH,GRH
GARTH MID GLAMORGAN,GMG
GARTH POWYS,GTH
GARVE,GVE
GATHURST,GST
GATLEY,GTY
GATWICK AIRPORT,GTW
GEORGEMAS JUNCTION,GGJ
GERRARDS CROSS,GER
GIDEA PARK,GDP
GIFFNOCK,GFN
GIGGLESWICK,GIG
GILBERDYKE,GBD
GILFACH FARGOED HALT,GFF
GILLINGHAM (DORSET),GIL
GILLINGHAM (KENT),GLM
GILLINGHAM MAINTENANCE DEPOT,XGI
GILSHOCHILL,GSC
GIPSY HILL,GIP
GIRVAN,GIR
GLAISDALE,GLS
GLAN CONWY,GCW
GLANRAFON,GLR
GLASGOW AIRPORT,GGT
GLASGOW BR,GLW
GLASGOW CENTRAL,GLC
GLASGOW CENTRAL,GLC
GLASGOW CENTRAL LOW LEVEL,GCL
GLASGOW QUEEN ST L.L.,GQL
GLASGOW QUEEN STREET,GLQ
GLASGOW QUEEN STREET,GLQ
GLASSHOUGHTON,GLH
GLASTONBURY TOWN HALL BUS STOP,XEA
GLAZEBROOK,GLZ
GLENEAGLES,GLE
GLENFINNAN,GLF
GLENGARNOCK,GLG
GLENROTHES WITH THORNTON,GLT
GLOSSOP,GLO
GLOUCESTER,GCR
GLOUCESTER,GCR
GLOUCESTER ROAD JUNCTION,XGU
GLOUNTHAUNE,XGV
GLYNDE,GLY
GOATHLAND,XGZ
GOBOWEN,GOB
GODALMING,GOD
GODLEY,GDL
GODLEY EAST,GDE
GODSTONE,GDN
GOLDTHORPE,GOE
GOLDTHORPE POLICE STATION,GOZ
GOLF STREET CARNOUSTIE,GOF
GOLSPIE,GOL
GOMSHALL,GOM
GOODMAYES,GMY
GOODRINGTON SANDS (T&D RLY),GUD
GOOLE,GOO
GOOSTREY,GTR
GORBALS GLASGOW,GGL
GORDON HILL,GDH
GOREBRIDGE,GBG
GORING & STREATLEY,GOR
GORING-BY-SEA,GBS
GORT,XGR
GORTON,GTO
GOSPEL OAK,GPO
GOSPEL OAK,GPO
GOSPORT BUS,GOP
GOSPORT FERRY,XOF
GOUROCK,GRK
GOUROCK,GRK
GOWERTON,GWN
GOXHILL,GOX
GRANGE PARK,GPK
GRANGE-OVER-SANDS,GOS
GRANGEMOUTH,GGM
GRANGEMOUTH SS,XGM
GRANGETOWN (SOUTH GLAMORGAN),GTN
GRANTHAM,GRA
GRATELEY,GRT
GRAVELLY HILL,GVH
GRAVESEND CENTRAL,GRV
GRAVESEND FERRY TERMINAL,GFY
GRAVESEND FERRY TERMINAL,GFY
GRAYS,GRY
GREAT AYTON,GTA
GREAT BENTLEY,GRB
GREAT CHESTERFORD,GRC
GREAT COATES,GCT
GREAT MALVERN,GMV
GREAT MISSENDEN,GMN
GREAT YARMOUTH,GYM
GREEN LANE BIRKENHEAD,GNL
GREEN LANE JUNCTION,XBK
GREEN ROAD,GNR
GREENBANK,GBK
GREENFAULDS,GRL
GREENFIELD,GNF
GREENFORD,GFD
GREENFORD,GFD
GREENHITHE,GNH
GREENHITHE,GNH
GREENOCK CENTRAL,GKC
GREENOCK WEST,GKW
GREENWICH,GNW
GRETNA GREEN,GEA
GRETNA JN,XGS
GRIMSBY DOCKS,GMD
GRIMSBY TOWN,GMB
GRINDLEFORD,GRN
GROOMBRIDGE,GRO
GROSMONT,GMT
GROVE PARK,GRP
GUERNSEY,GUS
GUIDE BRIDGE,GUI
GUILDFORD,GLD
GUILDFORD UP CARRIAGE SDGS,XFQ
GUISBOROUGH BUS LINK,GSB
GUISELEY,GSY
GUNNERSBURY,GUN
GUNNISLAKE,GSL
GUNTON,GNT
GWERSYLLT,GWE
GYPSY LANE,GYP
HABROUGH,HAB
HACKBRIDGE,HCB
HACKNEY CENTRAL,HKC
HACKNEY DOWNS,HAC
HACKNEY WICK,HKW
HADDENHAM & THAME PARKWAY,HDM
HADDISCOE,HAD
HADFIELD,HDF
HADLEY WOOD,HDW
HAG FOLD,HGF
HAGGERSTON,HGG
HAGLEY,HAG
HAIRMYRES,HMY
HALE,HAL
HALESWORTH,HAS
HALEWOOD,HED
HALIFAX,HFX
HALL GREEN,HLG
HALL I' TH' WOOD,HID
HALL ROAD,HLR
HALLING,HAI
HALTWHISTLE,HWH
HAM STREET & ORLESTONE,HMT
HAMBLE,HME
HAMILTON CENTRAL,HNC
HAMILTON WEST,HNW
HAMMERSMITH LT,ZHA
HAMMERTON,HMM
HAMPDEN PARK,HMD
HAMPSTEAD HEATH,HDH
HAMPTON,HMP
HAMPTON COURT,HMC
HAMPTON WICK,HMW
HAMPTON-IN-ARDEN,HIA
HAMSTEAD,HSD
HAMWORTHY,HAM
HANBOROUGH,HND
HANDFORTH,HTH
HANLEY BUS STATION,HNY
HANSLOPE JUNCTION,XHN
HANWELL,HAN
HAPTON,HPN
HARBOUR CITY MTLK,HBC
HARLECH,HRL
HARLESDEN,HDN
HARLING ROAD,HRD
HARLINGTON,HLN
HARLOW MILL,HWM
HARLOW TOWN,HWN
HARMAN'S CROSS (SWANAGE R),HAR
HAROLD WOOD,HRO
HARPENDEN,HPD
HARRIETSHAM,HRM
HARRINGAY,HGY
HARRINGAY GREEN LANES,HRY
HARRINGAY UP REV SDGS,XHU
HARRINGTON,HRR
HARROGATE,HGT
HARROW & WEALDSTONE,HRW
HARROW & WEALDSTONE,HRW
HARROW-ON-THE-HILL LT,HOH
HARTFORD,HTF
HARTLEBURY,HBY
HARTLEPOOL,HPL
HARTWOOD,HTW
HARWICH INTERNATIONAL,HPQ
HARWICH TOWN,HWC
HASLEMERE,HSL
HASSOCKS,HSK
HASTINGS,HGS
HATCH END,HTE
HATFIELD,HAT
HATFIELD & STAINFORTH,HFS
HATFIELD PEVEREL,HAP
HATHERSAGE,HSG
HATTERSLEY,HTY
HATTON,HTN
HATTON CROSS,XHC
HAVANT,HAV
HAVENHOUSE,HVN
HAVERFORDWEST,HVF
HAWARDEN,HWD
HAWARDEN BRIDGE,HWB
HAWES MARKET PLACE,HMK
HAWICK BUS STOP,HWK
HAWKHEAD,HKH
HAWORTH,XHV
HAY ON WYE HAY CASTLE,HYO
HAYDON BRIDGE,HDB
HAYDONS ROAD,HYR
HAYES (KENT),HYS
HAYES & HARLINGTON,HAY
HAYLE,HYL
HAYMARKET EDINBURGH,HYM
HAYMARKET SD SUPERVISORS,XHA
HAYWARDS HEATH,HHE
HAZEL GROVE,HAZ
HEADBOLT LANE,HBL
HEADCORN,HCN
HEADINGLEY,HDY
HEADSTONE LANE,HDL
HEALD GREEN,HDG
HEALEY MILLS YARD,XHM
HEALING,HLI
HEATH HIGH LEVEL,HHL
HEATH LOW LEVEL,HLL
HEATHROW CENTRAL BUS STATION,HTR
HEATHROW EXP 4,HAF
HEATHROW EXPRESS TERMINAL ONE,HXX
HEATHROW RAIL,HRA
HEATHROW T1234 LT,ZHJ
HEATHROW T5,HWV
HEATHROW TERMINAL 2,HWA
HEATHROW TERMINAL 3,HWE
HEATHROW TERMINAL 4 BUS,HWF
HEATHROW TERMINAL 5 BUSES ONLY,HWX
HEATON CHAPEL,HTC
HEATON PARK,HPK
HEATON PARK BUS STOP,XBE
HEBBURN,HEB
HEBDEN BRIDGE,HBD
HECKINGTON,HEC
HEDGE END,HDE
HEDNESFORD,HNF
HEIGHINGTON,HEI
HELENSBURGH BR,HLH
HELENSBURGH CENTRAL,HLC
HELENSBURGH UPPER,HLU
HELLIFIELD,HLD
HELMSDALE,HMS
HELSBY,HSB
HELSTON WOOLWORTHS,XAV
HEMEL HEMPSTEAD,HML
HENDAYE,HEF
HENDON,HEN
HENGOED,HNG
HENLEY-IN-ARDEN,HNL
HENLEY-ON-THAMES,HOT
HENSALL,HEL
HENWICK,XHK
HEREFORD,HFD
HERNE BAY,HNB
HERNE HILL,HNH
HERSHAM,HER
HERSTON HALT (SWANAGE R),HEH
HERTFORD BR,HRT
HERTFORD EAST,HFE
HERTFORD NORTH,HFN
HERTFORD NORTH DOWN CS,XHP
HESSLE,HES
HESWALL,HSW
HEVER,HEV
HEVER (BROCAS FARM),HBF
HEWORTH,HEW
HEWORTH,HEW
HEWORTH (METRO),HEZ
HEXHAM,HEX
HEYFORD,HYD
HEYSHAM HARBOUR,HHB
HIGH BARNET LT,ZHB
HIGH BROOMS,HIB
HIGH STREET GLASGOW,HST
HIGH STREET KENSINGTON LT,ZHS
HIGH WYCOMBE,HWY
HIGH WYCOMBE HIGH ST (BUS),HWS
HIGHAM,HGM
HIGHAMS PARK,HIP
HIGHBRIDGE & BURNHAM,HIG
HIGHBURY & ISLINGTON,HII
HIGHBURY AND ISLINGTON ELL,XHZ
HIGHBURY&ISLINGTON,HHY
HIGHBURY&ISLINGTON,HHY
HIGHBURY&ISLINGTON,HHY
HIGHTOWN,HTO
HILDENBOROUGH,HLB
HILLFOOT,HLF
HILLINGDON LT,ZHD
HILLINGTON EAST GLASGOW,HLE
HILLINGTON WEST GLASGOW,HLW
HILLSIDE SOUTHPORT,HIL
HILSEA PORTSMOUTH,HLS
HINCHLEY WOOD,HYW
HINCKLEY,HNK
HINDLEY,HIN
HINTON ADMIRAL,HNA
HIRWAUN (CLOCK),XHW
HITCHIN,HIT
HITHER GREEN,HGR
HOCKLEY ESSEX,HOC
HOEK VAN HOLLAND,HVH
HOLLINGBOURNE,HBN
HOLLINWOOD,HOD
HOLLOWAY ROAD LT,ZHR
HOLME,XHO
HOLMES CHAPEL,HCH
HOLMWOOD,HLM
HOLSWORTHY LIBRARY,XEE
HOLT TOWN METROLINK,HTM
HOLTON HEATH,HOL
HOLYHEAD,HHD
HOLYTOWN,HLY
HOLYTOWN,HLY
HOMERTON,HMN
HONEYBOURNE,HYB
HONITON,HON
HONITON,HON
HONLEY,HOY
HONOR OAK PARK,HPA
HOOJ JUNCTION UP YARD,XHJ
HOOK,HOK
HOOTON,HOO
HOPE (CLWYD),HPE
HOPE (DERBYSHIRE),HOP
HOPTON HEATH,HPT
HORBURY ALSTOM,XHB
HORDEN,HRE
HORLEY,HOR
HORNBEAM PARK,HBP
HORNDEAN GOOD INTENT,HGI
HORNSEY,HRN
HORSFORTH,HRS
HORSHAM,HRH
HORSLEY,HSY
HORTON IN RIBBLESDALE,HIR
HORWICH PARKWAY,HWI
HOSCAR,HSC
HOTHFIELD SIDING,XHF
HOUGH GREEN,HGN
HOUNSLOW,HOU
HOVE,HOV
HOVETON & WROXHAM,HXM
HOW WOOD <HERTFORDSHIRE>,HWW
HOWDEN,HOW
HOWWOOD (RENFREW),HOZ
HOXTON,HOX
HOYLAKE,HYK
HUBBERTS BRIDGE,HBB
HUCKNALL,HKN
HUDDERSFIELD,HUD
HULL,HUL
HULL BUS STN,HUU
HUMPHREY PARK,HUP
HUNCOAT,HCT
HUNGERFORD,HGD
HUNMANBY,HUB
HUNSTANTON BUS STOP,HUS
HUNT'S CROSS,HNX
HUNTINGDON,HUN
HUNTLY,HNT
HURSLEY,HSE
HURST GREEN,HUR
HUTTON CRANSWICK,HUT
HUYTON,HUY
HUYTON,HUY
HYDE CENTRAL,HYC
HYDE NORTH,HYT
HYDE PARK,HYP
HYKEHAM,HKM
HYKEHAM CROSROADS,HCR
HYNDLAND,HYN
HYNDLAND LOOP,XHD
HYTHE(ESSEX),HYH
IBM,IBM
IDRIDGEHAY,XID
IFIELD,IFI
ILFORD,IFD
ILFRACOMBE (BUS),IHS
ILKESTON,ILN
ILKLEY,ILK
IMPERIAL WHARF,IMW
INCE,INC
INCE & ELTON,INE
INGATESTONE,INT
INSCH,INS
INVERGORDON,IGD
INVERGOWRIE,ING
INVERKEITHING,INK
INVERKIP,INP
INVERNESS,INV
INVERNESS AIRPORT,IVA
INVERNESS AIRPORT BUS STN,INB
INVERNESS BUS STATION,IBS
INVERSHIN,INH
INVERURIE,INR
IPSWICH,IPS
IPSWICH RECEPTION,XIQ
IRLAM,IRL
IRVINE,IRV
ISLEWORTH,ISL
ISLIP,ISP
IVER,IVR
IVYBRIDGE,IVY
JAMES COOK,JCH
JERSEY,JSY
JERSEY SIDING,XGB
JEWELLERY QUARTER,JEQ
JN SIDINGS,XCI
JOHNSTON (DYFED),JOH
JOHNSTONE,JHN
JORDANHILL GLASGOW,JOR
JUNCTION ROAD JUNCTION,XJR
KEARSLEY,KSL
KEARSNEY,KSN
KEIGHLEY,KEI
KEIGHLEY & WORTH VALLEY L RLY,XKV
KEITH,KEH
KELVEDON,KEL
KELVINDALE,KVD
KEMBLE,KEM
KEMPSTON HARDWICK,KMH
KEMPTON PARK,KMP
KEMSING,KMS
KEMSLEY,KML
KENDAL,KEN
KENILWORTH,KNW
KENILWORTH,KNW
KENLEY,KLY
KENLEY (A22),KEB
KENNETT,KNE
KENNISHEAD GLASGOW,KNS
KENSAL GREEN,KNL
KENSAL GREEN CARRIAGE WASH PLT,XKS
KENSAL GREEN JN,XKG
KENSAL RISE,KNR
KENSINGTON OLYMPIA,KPA
KENT HOUSE,KTH
KENTISH TOWN LONDON,KTN
KENTISH TOWN WEST,KTW
KENTON,KNT
KENTS BANK,KBK
KESWICK BUS,KWK
KETTERING,KET
KETTERING NEWLANDS CENTRE,KEZ
KEW BRIDGE,KWB
KEW GARDENS,KWG
KEYHAM,KEY
KEYMER JUNCTION,XKM
KEYNSHAM,KYN
KEYNSHAM,KYN
KIDBROOKE,KDB
KIDDERMINSTER,KID
KIDSGROVE,KDG
KIDWELLY,KWL
KILBURN HIGH ROAD,KBN
KILBURN PARK LT,ZKP
KILCREGGAN,KCG
KILDALE,KLD
KILDONAN,KIL
KILGETTY,KGT
KILLARNEY,KLL
KILMARNOCK,KMK
KILMAURS,KLM
KILPATRICK,KPT
KILWINNING,KWN
KINBRACE,KBC
KING'S CROSS LONDON,KGX
KING'S LYNN,KLN
KINGHAM,KGM
KINGHORN,KGH
KINGS HEATH,KIH
KINGS LANGLEY,KGL
KINGS LYNN BUS STATION,KLB
KINGS LYNN BUS STATION GN,KLS
KINGS LYNN CARRIAGE SDGS,XKL
KINGS NORTON,KNN
KINGS NYMPTON,KGN
KINGS PARK GLASGOW,KGP
KINGS SUTTON,KGS
KINGS SUTTON,KGS
KINGSBRIDGE (BUS),KBS
KINGSBRIDGE QUAY BUS STOP,XAW
KINGSBURY JUNCTION,XKI
KINGSKNOWE,KGE
KINGSTON SURREY,KNG
KINGSWAY BUSINESS PARK METRO,KBM
KINGSWEAR,KWR
KINGSWOOD AND BURGH HEATH,KND
KINGUSSIE,KIN
KINTBURY,KIT
KINTORE,KTR
KIRBY CROSS,KBX
KIRK SANDALL,KKS
KIRKBY (MERSEYSIDE),KIR
KIRKBY IN ASHFIELD,KKB
KIRKBY STEPHEN WEST,KSW
KIRKBY-IN-FURNESS,KBF
KIRKCALDY,KDY
KIRKCONNEL,KRK
KIRKDALE,KKD
KIRKDALE CARRIAGE CLEANING,XKK
KIRKDALE EMUD,XHR
KIRKHAM & WESHAM,KKM
KIRKHAM & WESHAM,KKM
KIRKHILL,KKH
KIRKNEWTON,KKN
KIRKSTALL FORGE,KLF
KIRKWOOD,KWD
KIRTON LINDSEY,KTL
KIVETON BRIDGE,KIV
KIVETON PARK,KVP
KNARESBOROUGH,KNA
KNEBWORTH,KBW
KNIGHTON,KNI
KNOCKHOLT,KCK
KNOTTINGLEY,KNO
KNUCKLAS,KNU
KNUTSFORD,KNF
KOBLENZ HBF,KBZ
KYLE OF LOCHALSH,KYL
KYLEAKIN (ISLE OF SKYE),KYK
L H S,XVS
LADYBANK,LDY
LADYWELL,LAD
LADYWELL MTLK,LDW
LAINDON,LAI
LAIRG,LRG
LAKE (I.O.W.),LKE
LAKENHEATH,LAK
LAMPETER BLACK LION,LTR
LAMPHEY,LAM
LANARK,LNK
LANCASTER,LAN
LANCING,LAC
LANDOR STREET JUNCTION,XLX
LANDYWOOD,LAW
LANGBANK,LGB
LANGHO,LHO
LANGHOLM BUS STOP,LHL
LANGLEY BERKS,LNY
LANGLEY BERKS,LNY
LANGLEY GREEN,LGG
LANGLEY MILL,LGM
LANGSIDE GLASGOW,LGS
LANGWATHBY,LGW
LANGWITH-WHALEY-THORNS,LAG
LANGWORTHY MTLK,LWY
LAPFORD,LAP
LAPWORTH,LPW
LARBERT,LBT
LARGS,LAR
LARKHALL,LRH
LAUNCESTON WESTGATE STREET,XAZ
LAURENCEKIRK,LAU
LAWRENCE HILL,LWH
LAYTON (LANCS),LAY
LAZONBY,LZB
LEA BRIDGE,LEB
LEA GREEN,LEG
LEA HALL,LEH
LEAGRAVE,LEA
LEALHOLM,LHM
LEAMINGTON SPA,LMS
LEASOWE,LSW
LEATHERHEAD,LHD
LEDBURN JUNCTION,XOD
LEDBURY,LED
LEE,LEE
LEEDS,LDS
LEEDS BRADFORD AIRPORT,XLB
LEEDS CASTLE BUS,LCA
LEEDS FESTIVAL BUS,XLD
LEEK,LEK
LEICESTER,LEI
LEIGH,LIH
LEIGH (FLEUR-DE-LIS P.H.),LFL
LEIGH-ON-SEA,LES
LEIGHTON BUZZARD,LBZ
LEISTON,LIE
LELANT,LEL
LELANT SALTINGS,LTS
LENHAM,LEN
LENHAM CROSSOVER,XXK
LENZIE,LNZ
LEOMINSTER,LEO
LEOMINSTER,LEO
LETCHWORTH,LET
LETCHWORTH A/D LINE,XLL
LEUCHARS,LEU
LEVEN,LEV
LEVENSHULME,LVM
LEVISHAM,XLA
LEWES,LWS
LEWISHAM,LEW
LEYBURN,LAB
LEYLAND,LEY
LEYTON MIDLAND ROAD,LEM
LEYTONSTONE HIGH ROAD,LER
LICHFIELD CITY,LIC
LICHFIELD NORTH JN (LL),XOI
LICHFIELD T V HIGH LEVEL,LIF
LICHFIELD TRENT VALLEY,LTV
LICHFIELD TRENT VALLEY,LTV
LICHFIELD TRENT VALLEY,LTV
LIDLINGTON,LID
LIFTON (BUS),LAA
LILLE FLANDRES,LIL
LILLE NORD-EUROPE,LIU
LIMEHOUSE,LHS
LIMERICK,LRK
LIMERICK JCN,LJN
LINCOLN,LCN
LINCOLN BUS STATION,LBS
LINDFORD,LNF
LINGFIELD,LFD
LINGWOOD,LGD
LINLITHGOW,LIN
LIPHOOK,LIP
LISKEARD,LSK
LISMORE (ISLE OF),LSM
LISS,LIS
LISVANE AND THORNHILL,LVT
LITTLE KIMBLE,LTK
LITTLE SUTTON,LTT
LITTLEBOROUGH,LTL
LITTLEHAMPTON,LIT
LITTLEHAVEN,LVN
LITTLEHAVEN,LVN
LITTLEPORT,LTP
LIVERPOOL BALTIC,LVB
LIVERPOOL BR,LVP
LIVERPOOL CENTRAL (NORTHERN),LVC
LIVERPOOL CENTRAL (NORTHERN),LVC
LIVERPOOL CENTRAL (WIRRAL),XLV
LIVERPOOL JAMES STREET,LVJ
LIVERPOOL JOHN LENNON AIRPORT,LJL
LIVERPOOL LANDING STAGE,LVS
LIVERPOOL LIME ST LOW LEVEL,LVL
LIVERPOOL LIME STREET,LIV
LIVERPOOL LIME STREET,LIV
LIVERPOOL SOUTH PARKWAY,LPY
LIVERPOOL SOUTH PARKWAY,LPY
LIVERPOOL SOUTH PW HL,ALE
LIVERPOOL STREET EL,LSX
LIVERPOOL STREET LONDON,LST
LIVERPOOL WAVERTREE P C D,XWT
LIVINGSTON NORTH,LSN
LIVINGSTON SOUTH,LVG
LLANABER HALT,LLA
LLANBADARN,LLB
LLANBEDR,LBR
LLANBISTER ROAD,LLT
LLANBRADACH,LNB
LLANDAF,LLN
LLANDANWG,LDN
LLANDECWYN,LLC
LLANDEILO,LLL
LLANDOVERY,LLV
LLANDRINDOD,LLO
LLANDRINDOD CROSSING GF,XLW
LLANDUDNO,LLD
LLANDUDNO JUNCTION,LLJ
LLANDYBIE,LLI
LLANELLI,LLE
LLANFAIRFECHAN,LLF
LLANFAIRPWLL,LPG
LLANGADOG,LLG
LLANGAMMARCH,LLM
LLANGENNECH,LLH
LLANGOLLEN PARADE STREET,LNP
LLANGYNLLO,LGO
LLANHARAN,LLR
LLANHILLETH,LTH
LLANISHEN,LLS
LLANRWST,LWR
LLANSAMLET,LAS
LLANTRISANT,LTI
LLANTWIT MAJOR,LWM
LLANWRDA,LNR
LLANWRTYD,LNW
LLWYNGWRIL,LLW
LLWYNYPIA,LLY
LOCH AWE,LHA
LOCH EIL OUTWARD BOUND,LHE
LOCHAILORT,LCL
LOCHBOISDALE (SOUTH UIST),LCB
LOCHEILSIDE,LCS
LOCHGELLY,LCG
LOCHLUICHART,LCC
LOCHMADDY (NORTH UIST),LCH
LOCHWINNOCH,LHW
LOCKERBIE,LOC
LOCKWOOD,LCK
LOCO HOLDING SIDING,XHX
LONDON AIRPORT TCKT/ENQ OFFICE,LHR
LONDON BR,LON
LONDON BRIDGE,LBG
LONDON BRIDGE,LBG
LONDON BRIDGE,LBG
LONDON EUROSTAR (CIV),LOE
LONDON FIELDS,LOF
LONDON INTERNATIONAL,LNE
LONDON ROAD (DITCHLING RISE),LRR
LONDON ROAD BRIGHTON,LRB
LONDON ROAD GUILDFORD,LRD
LONDONDERRY,LDR
LONG BUCKBY,LBK
LONG EATON,LGE
LONG MARSTON,LMN
LONG PRESTON,LPR
LONG PRESTON,LPR
LONGBECK,LGK
LONGBRIDGE,LOB
LONGCROSS,LNG
LONGFIELD,LGF
LONGNIDDRY,LND
LONGPORT,LPT
LONGTON,LGN
LOOE,LOO
LOSTOCK GRALAM,LTG
LOSTOCK HALL,LOH
LOSTOCK HALL JUNCTION,XLS
LOSTOCK JUNCTION,XLK
LOSTOCK PARKWAY,LOT
LOSTWITHIEL,LOS
LOUGHBOROUGH,LBO
LOUGHBOROUGH JUNCTION,LGJ
LOUGHBOROUGH UNIVERSITY,XLO
LOW MOOR,LMR
LOW ROW S.B.,XRL
LOWDHAM,LOW
LOWER SYDENHAM,LSY
LOWESTOFT,LWT
LUDLOW,LUD
LUDLOW,LUD
LUTON,LUT
LUTON AIRPORT,LUA
LUTON AIRPORT PARKWAY,LTN
LUTON AIRPORT PARKWAY DART,LPD
LUTON BUS,LUB
LUXULYAN,LUX
LYDNEY,LYD
LYE,LYE
LYMINGTON PIER,LYP
LYMINGTON TOWN,LYT
LYMPSTONE COMMANDO,LYC
LYMPSTONE VILLAGE,LYM
LYNEHAM CAMP MAIN GATE BUSSTOP,XBD
LYNMOUTH (BUS),LLP
LYNTON (BUS),LCP
LYTHAM,LTM
M&EE NORTH POLE INTER DEPOT,XNP
MACCLESFIELD,MAC
MACHYNLLETH,MCN
MACHYNLLETH CS/CE SDGS,XMC
MADELEY JUNCTION (SALOP),XMD
MAERDY,MDY
MAESTEG,MST
MAESTEG (EWENNY ROAD),MEW
MAGHULL,MAG
MAGHULL NORTH,MNS
MAGNA TRAM STOP,MAB
MAIDA VALE LT,ZMV
MAIDEN NEWTON,MDN
MAIDENHEAD,MAI
MAIDSTONE BARRACKS,MDB
MAIDSTONE BR,MAD
MAIDSTONE EAST,MDE
MAIDSTONE WEST,MDW
MAINLAND CAR DISTRIBUTORS,XQC
MAINZ HBF,MNZ
MALDEN MANOR,MAL
MALIPHANT CARR SVCG & STABLING,XMA
MALLAIG,MLG
MALLOW,MAW
MALTON,MLT
MALVERN LINK,MVL
MALVERN WELLS,XMN
MANCHESTER AIRPORT,MIA
Manchester Airport MTLK,MNA
MANCHESTER BR,MCR
MANCHESTER OXFORD ROAD,MCO
MANCHESTER PICCADILLY,MAN
MANCHESTER UNITED FOOTBALL GD,MUF
MANCHESTER VICTORIA,MCV
MANCHESTER VICTORIA CSOP,XCE
MANEA,MNE
MANNINGTREE,MNG
MANOR PARK,MNP
MANOR ROAD,MNR
MANORBIER,MRB
MANORS,MAS
MANORS (METRO),MRM
MANSFIELD,MFT
MANSFIELD WOODHOUSE,MSW
MANSION HOUSE LT,ZMH
MANTON JUNCTION,XMJ
MARCH,MCH
MARDEN,MRN
MARGATE,MAR
MARKET HARBOROUGH,MHR
MARKET RASEN,MKR
MARKINCH,MNC
MARKS TEY,MKT
MARLBOROUGH HIGH STREET,XBH
MARLOW,MLW
MARNE-LA-VALLEE,MCK
MARPLE,MPL
MARSDEN,MSN
MARSDEN,MSN
MARSEILLE ST CHARLES,MSC
MARSH BARTON,MBT
MARSKE,MSK
MARSTON GREEN,MGN
MARTIN MILL,MTM
MARTINS HERON,MAO
Martinscroft Metrolink,MCF
MARTON,MTO
MARYHILL,MYH
MARYLAND,MYL
MARYLEBONE LONDON,MYB
MARYPORT,MRY
MATLOCK,MAT
MATLOCK BATH,MTB
MAULDETH ROAD,MAU
MAXWELL PARK GLASGOW,MAX
MAYBOLE,MAY
MAZE HILL,MZH
MCHESTER INTERNATIONAL DEP (LI,XLI
MEADOWHALL,MHS
MEADOWHALL,MHS
MEADOWHALL,MHS
Media City Mtlk,MCT
MEDSTEAD,MDT
MELDRETH,MEL
MELKSHAM,MKM
MELKSHAM MARKET PLACE BUS STOP,XBO
MELROSE BUS STOP,MLS
MELTON,MES
MELTON HALT,MET
MELTON MOWBRAY,MMO
MENHENIOT,MEN
MENSTON,MNN
MEOLS,MEO
MEOLS COP,MEC
MEOPHAM,MEP
MERIDIAN WATER,MRW
MERRYTON,MEY
MERSTHAM,MHM
MERTHYR TYDFIL,MER
MERTHYR VALE,MEV
METHERINGHAM,MGM
METROCENTRE,MCE
METROPOLITAN JUNCTION,XMK
METZ VILLE,MZM
MEVAGISSEY TREVORTH  BUS STOP,XEF
MEXBOROUGH,MEX
MICHELDEVER,MIC
MICKLEFIELD,MIK
MIDDLESBROUGH,MBR
MIDDLEWOOD,MDL
MIDGHAM,MDG
MIDLETON,XME
MIDSOMER NORTON TOWN HALL,XBR
MILES PLATTING JN,MLP
MILFORD,MLF
MILFORD,MLF
MILFORD HAVEN,MFH
MILL HILL (LANCASHIRE),MLH
MILL HILL BROADWAY,MIL
MILLBROOK (BEDFORDSHIRE),MLB
MILLBROOK (HAMPSHIRE),MBK
MILLFIELD,MIF
MILLIKEN PARK,MIN
MILLOM,MLM
MILLS HILL,MIH
MILNGAVIE,MLN
MILNROW,MLR
MILTON,MIP
MILTON KEYNES CENTRAL,MKC
MINEHEAD BANCKS STREET,XBW
MINEHEAD BUTLINS (BUS),XBV
MINEHEAD PARADE BUS STOP,XPR
MINEHEAD(W.SOMERSET RLY),MHD
MINFFORDD,MFF
MINSTER_(THANET),MSR
MIRA Technology Park,MTE
MIRFIELD,MIR
MIRFIELD,MIR
MISTLEY,MIS
MITCHAM,MIT
MITCHAM EASTFIELDS,MTC
MITCHAM JUNCTION,MIJ
MITRE BRIDGE JUNCTION,XMB
MOBBERLEY,MOB
MOLD BUS STATION,MOL
MONASTEREVIN,XMV
MONIFIETH,MON
MONKS RISBOROUGH,MRS
Monsall Mtlk,MSM
MONTPELIER,MTP
MONTROSE,MTS
MOOR PARK LT,ZMP
Moor Road Metrolink,MDM
MOORFIELDS,MRF
MOORFIELDS,MRF
MOORFIELDS,XMR
MOORGATE,MOG
MOORGATE LT,ZMG
MOORSIDE,MSD
MOORTHORPE,MRP
MORAR,MRR
MORCHARD ROAD,MRD
MORDEN ROAD,MDR
MORDEN SOUTH,MDS
MORECAMBE,MCM
MORETON (DORSET),MTN
MORETON (DORSET),MTN
MORETON (MERSEYSIDE),MRT
MORETON-IN-MARSH,MIM
MORETONHAMPSTEAD (COURT ST.),XEK
MORFA MAWDDACH,MFA
MORLEY,MLY
MORPETH,MPT
MORTIMER,MOR
MORTLAKE,MTL
MOSELEY VILLAGE,MOV
MOSES GATE,MSS
MOSS SIDE,MOS
MOSSEND,MSE
MOSSEND SHUNT & MARSHALLING,XMS
MOSSLEY (GREATER MANCHESTER),MSL
MOSSLEY HILL,MSH
MOSSPARK,MPK
MOSTON,MSO
MOTHERWELL,MTH
MOTHERWELL DERBY C.S.,XMW
MOTHERWELL WEIGHS CARR SDG,XMH
MOTOR RAIL TERMINAL,XIV
MOTSPUR PARK,MOT
MOTTINGHAM,MTG
MOULDSWORTH,MLD
MOULSECOOMB,MCB
MOUNT FLORIDA GLASGOW,MFL
MOUNT GOULD JN,XMG
MOUNTAIN ASH,MTA
MOUNTFIELD SIDINGS (GBRF),XMX
MT. VERNON,MTV
MUCK (ISLE OF),MUK
MUIR OF ORD,MOO
MUIREND GLASGOW,MUI
MUSSELBURGH,MUB
MYTHOLMROYD,MYT
NAFFERTON,NFN
NAILSEA & BACKWELL,NLS
NAIRN,NRN
NANTWICH,NAN
NANTYRONEN,NYN
NARBERTH,NAR
NARBONNE,NNE
NARBOROUGH,NBR
NASHENDEN CROSSOVER,XXL
NAVIGATION ROAD,NVR
NEATH,NTH
NEEDHAM MARKET,NMT
NEILSTON,NEI
NELSON,NEL
NESTON,NES
NETHERFIELD,NET
NETHERTOWN,NRT
NETLEY,NTL
NEVILLE HILL TRS,XNL
NEW BARNET,NBA
NEW BECKENHAM,NBC
NEW BRIGHTON,NBN
NEW CLEE,NCE
NEW CROSS,NWX
NEW CROSS,NWX
NEW CROSS GATE LONDON,NXG
NEW CROSS GATE LONDON,NXG
NEW CUMNOCK,NCK
NEW ELTHAM,NEH
NEW HEY,NHY
NEW HOLLAND,NHL
NEW HYTHE,NHE
NEW ISLINGTON METROLINK,NIM
NEW LANE,NLN
NEW MALDEN,NEM
NEW MILLS CENTRAL,NMC
NEW MILLS NEWTOWN,NMN
NEW MILTON,NWM
NEW PUDSEY,NPD
NEW SOUTHGATE,NSG
NEW YARD FREIGHT DEPOT,XFL
NEWARK CASTLE,NCT
NEWARK CASTLE OR NORTHGATE,NWK
NEWARK CROSSING,XNK
NEWARK NORTH GATE,NNG
NEWBOLD METROLINK,NBM
NEWBRIDGE,NBE
NEWBURY,NBY
NEWBURY PARK LT,ZNP
NEWBURY RACECOURSE,NRC
NEWCASTLE,NCL
NEWCASTLE EMLYN CATTLE MKT,NEY
NEWCASTLE LOW LEVEL,NCZ
NEWCOURT,NCO
NEWCRAIGHALL,NEW
NEWHAVEN HARBOUR,NVH
NEWHAVEN MARINE (OLD STN),NVM
NEWHAVEN TOWN,NVN
NEWINGTON,NGT
NEWMARKET,NMK
NEWPORT (ESSEX),NWE
NEWPORT (IOW),NPT
NEWPORT (SOUTH WALES),NWP
NEWPORT (SOUTH WALES),NWP
NEWQUAY,NQY
NEWSHAM,NWH
NEWSTEAD,NSD
NEWTON,NTN
NEWTON ABBOT,NTA
NEWTON AYCLIFFE,NAY
NEWTON FOR HYDE,NWN
Newton Heath & Moston Mtlk,NMM
NEWTON HTH TMD (TRACTN ENGRG),XNN
NEWTON ON AYR,NOA
NEWTON ST CYRES,NTC
NEWTON-LE-WILLOWS,NLW
NEWTONGRANGE,NEG
NEWTONMORE,NWR
NEWTOWN (POWYS),NWT
NINIAN PARK,NNP
NITSHILL GLASGOW,NIT
NORBITON,NBT
NORBURY,NRB
NORDEN (SWANAGE R),NOD
NORMANS BAY,NSB
NORMANTON,NOR
NORTH ACTON LT,ZNA
NORTH BERWICK,NBW
NORTH CAMP,NCM
NORTH DULWICH,NDL
NORTH FAMBRIDGE,NFA
NORTH FORK,XNF
NORTH JUNCTION,XOA
NORTH KENT EAST JN,XKE
NORTH LLANRWST,NLR
NORTH QUEENSFERRY,NQU
NORTH ROAD <DARLINGTON>,NRD
NORTH SHEEN,NSH
NORTH WALSHAM,NWA
NORTH WEMBLEY,NWB
NORTHALLERTON,NTR
NORTHAM DEPOT,XFS
NORTHAMPTON,NMP
NORTHAMPTON,NMP
NORTHAMPTON EMD,XND
Northern Moor Metrolink,NMR
NORTHFIELD,NFD
NORTHFLEET,NFL
NORTHFLEET,NFL
NORTHOLT PARK,NLT
NORTHUMBERLAND PARK (LONDON),NUM
NORTHUMBERLAND PARK (T&W),NOP
NORTHWICH,NWI
NORWICH,NRW
NORWICH JUBILEE SIDINGS,XNY
NORWOOD JUNCTION,NWD
NOTTINGHAM,NOT
NOTTINGHAM PHOENIX PARK,NPP
NUNEATON BUS STATION,NNN
NUNEATON TRENT VALLEY,NUN
NUNHEAD,NHD
NUNNERY SQUARE P&R,NUR
NUNTHORPE,NNT
NUTBOURNE,NUT
NUTBOURNE,NUT
NUTFIELD,NUF
NUTFIELD (MEMORIAL HALL),XET
NY_(DBS),XKY
OAKENGATES,OKN
OAKHAM,OKM
OAKLEIGH PARK,OKL
OBAN,OBN
OCKENDON,OCK
OCKLEY,OLY
OKEHAMPTON,OKE
OKEHAMPTON GOING PLACES,XCG
OLD HILL,OHL
OLD ROAN,ORN
OLD STREET,OLD
OLD TRAFFORD,OTR
OLDFIELD PARK,OLF
OLDFIELD PARK,OLF
OLDHAM CENTRAL METROLINK,OCM
OLDHAM KING STREET METROLINK,OKS
OLDHAM MUMPS,OLM
OLDHAM WERNETH,OLW
OLTON,OLT
OOSTENDE,OOS
ORE,ORE
ORIENT WAY CS,XTX
ORMSKIRK,OMS
ORPINGTON,ORP
ORRELL,ORR
ORRELL PARK,OPK
ORTON MERE,XOM
OSWESTRY GRST BWS/BUS STN,OSW
OTFORD,OTF
OTFORD JUNCTION,XOT
OTLEY BUS STATION,OTL
OTTERY ST MARY,OSM
OULTON BROAD NORTH,OUN
OULTON BROAD SOUTH,OUS
OUNDLE MARKET PLACE,OUD
OUTWOOD,OUT
OVERPOOL,OVE
OVERTON,OVR
OVERTON,OVR
OXENHOLME,OXN
OXENHOPE,XOB
OXFORD,OXF
OXFORD,OXF
OXFORD CIRCUS LT,ZOC
OXFORD PARKWAY,OXP
OXFORD WESTGATE,XVE
OXSHOTT,OXS
OXTED,OXT
OXTED,OXT
PADDINGTON EL,PDX
PADDINGTON LONDON,PAD
PADDOCK WOOD,PDW
PADGATE,PDG
PADSTOW,PDT
PAIGNTON,PGN
PAISLEY CANAL,PCN
PAISLEY GILMOUR STREET,PYG
PAISLEY ST.JAMES,PYJ
PALLION,PAI
PALMERS GREEN,PAL
PANGBOURNE,PAN
PANNAL,PNL
PANTYFFYNNON,PTF
PAR,PAR
PAR STATION ROAD BUS STOP,XDR
PARBOLD,PBL
PARIS NORD,PBN
PARIS ST. LAZARE,PAZ
PARK,PRK
PARK LANE JUNCTION,XIA
PARK STREET,PKT
PARKESTON QUAY YARD,XPA
PARKGATE,PAQ
PARKS BRIDGE JUNCTION,XPY
PARKSTONE,PKS
PARSON STREET,PSN
PARTICK,PTK
PARTON,PRN
PATCHWAY,PWY
PATRICROFT,PAT
PATTERTON,PTT
PEARTREE,PEA
PECKHAM RYE,PMR
PECKHAM RYE,PMR
PEEBLES BUS STOP,PBS
Peel Hall Metrolink,PHM
PEGSWOOD,PEG
PELAW TYNE & WEAR METRO,PAW
PEMBERTON,PEM
PEMBREY & BURRY PORT,PBY
PEMBROKE,PMB
PEMBROKE DOCK,PMD
PEMBROKE FERRY TERMINAL,PDK
PEN-Y-BONT,PNY
PENALLY,PNA
PENARTH,PEN
PENCOED,PCD
PENGAM,PGM
PENGE BR,PNG
PENGE EAST,PNE
PENGE WEST,PNW
PENHELIG,PHG
PENISTONE,PNS
PENKRIDGE,PKG
PENKRIDGE,PKG
PENMAENMAWR,PMW
PENMERE,PNM
PENRHIWCEIBER,PER
PENRHYN FR,PRF
PENRHYNDEUDRAETH,PRH
PENRHYS (ROUNDABOUT),XYT
PENRITH,PNR
PENRYN,PYN
PENSARN,PES
PENSHURST,PHR
PENSHURST,PHR
PENTRE-BACH,PTB
PENYCHAIN,PNC
PENYFFORDD,PNF
PENYGROES CO-OP,PGR
PENYWAUN,XPZ
PENZANCE,PNZ
PENZANCE QUAY,PNQ
PERRANPORTH BEACH ROAD,XCL
PERRANWELL,PRW
PERRY BARR,PRY
PERRY BARR NORTH JUNCTION,XRA
PERSHORE,PSH
PERTH,PTH
PERTH WRCS,XPH
PETERBOROUGH,PBO
PETERBOROUGH BUS STATION,PBU
PETERBOROUGH EASTFIELD,XPQ
PETERBOROUGH NENE SIDINGS,XPN
PETERSFIELD,PTR
PETTS WOOD,PET
PETTS WOOD,PET
PETTS WOOD JUNCTION,XPE
PEVENSEY & WESTHAM,PEV
PEVENSEY BAY,PEB
PEWSEY,PEW
PICCADILLY CIRCUS LT,ZPC
PICKERING,XPK
PICKERING EASTGATE,PIZ
PILL,PIA
PILNING,PIL
PINEAPPLE ROAD,PIR
PINHOE,PIN
PITLOCHRY,PIT
PITSEA,PSE
PLAISTOW LT,ZPS
PLEASINGTON,PLS
PLOCKTON,PLK
PLUCKLEY,PLC
PLUMLEY,PLM
PLUMPTON,PMP
PLUMSTEAD LONDON,PLU
PLYMOUTH,PLY
PLYMOUTH SALTASH ROAD BUS STOP,XDJ
PLYMOUTH SURPLUS,XAB
POITIERS,POI
POKESDOWN,POK
POLEGATE,PLG
POLESWORTH,PSW
POLLOKSHAWS EAST,PWE
POLLOKSHAWS WEST,PWW
POLLOKSHAWS WEST,PWW
POLLOKSHIELDS EAST GLASGOW,PLE
POLLOKSHIELDS WEST,PLW
POLMADIE DOWN HS,XPD
POLMONT,PMT
POLSLOE BRIDGE,POL
POMONA MTLK,PMO
PONDERS END,PON
PONT-Y-PANT,PYP
PONTARDDULAIS,PTD
PONTEFRACT BAGHILL,PFR
PONTEFRACT BR,POF
PONTEFRACT MONKHILL,PFM
PONTEFRACT TANSHELF,POT
PONTLOTTYN,PLT
PONTYCLUN,PYC
PONTYCYMMER,PCM
PONTYPOOL AND NEW INN,PPL
PONTYPRIDD,PPD
POOLE,POO
POOLE QUAY,PFT
POPPLETON,POP
PORT GLASGOW,PTG
PORT SUNLIGHT,PSL
PORT TALBOT,PTA
PORTCHESTER,PTC
PORTH,POR
PORTHCAWL JOHN STREET BUS STOP,XEO
PORTHMADOG,PTM
PORTISHEAD,POH
PORTLETHEN,PLN
PORTMADOG FR,PMG
PORTOBELLO JN (WEST MIDS),XPJ
PORTREE,PEE
PORTRUSH,PTS
PORTSLADE,PLD
PORTSMOUTH & S. D.C.S.,XGL
PORTSMOUTH & SOUTHSEA,PMS
PORTSMOUTH ARMS,PMA
PORTSMOUTH BR,POS
PORTSMOUTH CONT FERRY PORT,PCF
PORTSMOUTH HARBOUR,PMH
PORTSMOUTH HARBOUR,PMH
PORTSMOUTH HARBOUR,PMH
PORTWAY PARK & RIDE,PRI
POSSILPARK & PARKHOUSE,PPK
POTTERS BAR,PBR
POULTON-LE-FYLDE,PFY
POYNTON,PYT
PREES,PRS
PRESCOT,PSC
PRESTATYN,PRT
PRESTBURY,PRB
PRESTON,PRE
PRESTON,PRE
PRESTON,PRE
PRESTON CARRIAGE ENGRING,XPT
PRESTON PARK,PRP
PRESTON PARK (LONDON ROAD),PPR
PRESTONPANS,PST
PRESTWICH,PWC
PRESTWICK,PTW
PRESTWICK INTERNAT'NL AIRPORT,PRA
PRIESTHILL & DARNLEY,PTL
PRIMROSE HILL,PRM
PRINCES RISBOROUGH,PRR
PRINCETOWN SQUARE,XPF
PRITTLEWELL,PRL
PROOF HOUSE JN,XOZ
PRUDHOE,PRU
PULBOROUGH,PUL
PURFLEET,PFL
PURLEY,PUR
PURLEY OAKS,PUO
PUTNEY,PUT
PW DEPOT,XHY
PWLLHELI,PWL
PYE CORNER,PYE
PYLE,PYL
QUAINTON ROAD,QRD
QUAKERS YARD,QYD
QUEEN'S PARK (GREATER LONDON),QPW
QUEEN'S PARK (GREATER LONDON),QPW
QUEEN'S PARK (STRATHCLYDE),QPK
QUEEN'S ROAD PECKHAM,QRP
QUEENBOROUGH,QBR
QUEENBOROUGH YARD,XQY
QUEENSTOWN ROAD(BATTERSEA),QRB
QUINTRELL DOWNS,QUI
RADCLIFFE (GREATER MANCHESTER),RCF
RADCLIFFE (NOTTINGHAMSHIRE),RDF
RADLETT,RDT
RADLEY,RAD
RADSTOCK VICTORIA HALL BUSSTOP,XEQ
RADYR,RDR
RAINFORD,RNF
RAINHAM (GREATER LONDON),RNM
RAINHAM KT,RAI
RAINHILL,RNH
RAMSGATE,RAM
RAMSGATE HARBOUR,RMZ
RAMSGATE TRACTION MTNCE,XRE
RAMSGREAVE & WILPSHIRE,RGW
RANNOCH FOR KINLOCH RANNOCH,RAN
RAUCEBY,RAU
RAVENGLASS,RAV
RAVENGLASS & ESKDALE RLY CO,RER
RAVENSBOURNE,RVB
RAVENSTHORPE,RVN
RAWCLIFFE,RWC
RAYLEIGH,RLG
RAYNES PARK,RAY
READING,RDG
READING,RDG
READING,RDG
READING BR,REA
READING BUS,RBU
READING GREEN PARK,RGP
READING PLATFORMS 4A&B,RDZ
READING WEST,RDW
READING WEST,RDW
RECP,XCZ
RECTORY ROAD,REC
REDBRIDGE HANTS,RDB
REDBRIDGE LT,ZRE
REDCAR BRITISH STEEL,RBS
REDCAR CENTRAL,RCC
REDCAR EAST,RCE
REDDISH NORTH,RDN
REDDISH SOUTH,RDS
REDDITCH,RDC
REDHILL,RDH
REDLAND,RDA
REDMIRE,RMI
REDRUTH,RED
REEDHAM (GREATER LONDON),RHM
REEDHAM (NORFOLK),REE
REGENT CENTRE,REG
REIGATE,REI
RENTON,RTN
RES BARTON HILL:DIRECT STAFF,XHL
RES CAMBRIDGE TMD:SPARE,XCA
RESTON,RSN
RETFORD,RET
RETFORD,RET
RETFORD LOW LEVEL,XRO
RHEIDOL FALLS,RHF
RHIGOS (BUS STOP),RHG
RHIWBINA,RHI
RHIWFRON,RHW
RHOOSE (CARDIFF INTL AIRPORT),RIA
RHOSNEIGR,RHO
RHUM (ISLE OF),RHU
RHYL,RHL
RHYMNEY,RHY
RHYMNEY SIDINGS,XRS
RIBBLEHEAD,RHD
RICE LANE,RIL
RICHMOND,RMD
RICHMOND,RMD
RICHMOND MARKET,RMK
RICKMANSWORTH LT,RIC
RIDDLESDOWN,RDD
RIDGMONT,RID
RIDING MILL,RDM
RISCA & PONTYMISTER,RCA
RISHTON,RIS
ROBERTSBRIDGE,RBR
ROBIN HOOD AIRPORT,RHA
ROBIN HOODS BAY,RHB
Robinswood Road Metrolink,RRM
ROBROYSTON,RRN
ROBY,ROB
ROCHDALE,RCD
ROCHDALE STATION METROLINK,XRM
ROCHDALE TOWN CENTRE METROLINK,RTC
ROCHE,ROC
ROCHESTER,RTR
ROCHESTER BRIDGE JUNCTION,XRJ
ROCHFORD,RFD
ROCK FERRY,RFY
ROCK FERRY,RFY
ROCK FERRY,RFY
ROGART,ROG
ROGERSTONE,ROR
ROLLESTON,ROL
ROMAN BRIDGE,RMB
ROMFORD,RMF
ROMILEY,RML
ROMSEY,ROM
ROMSEY BUS,REB
ROOSE,ROO
ROOSENDAAL,RDL
ROPLEY,ROP
ROSE GROVE,RSG
ROSE HILL (MARPLE),RSH
ROSSLARE HARBOUR,RSB
ROSYTH,ROS
ROSYTH DOCKYARD,RYK
ROTHERHAM CENTRAL,RMC
ROTHERHAM MASBOROUGH,RTM
ROTHERHITHE,ROE
ROTHESAY (ISLE OF BUTE),RTY
ROTTERDAM CS,ROT
ROUEN D.D.,RRD
ROUGHTON ROAD,RNR
Roundthorn Metrolink,RTH
ROWLANDS CASTLE,RLN
ROWLEY REGIS,ROW
ROY BRIDGE,RYB
ROYAL OAK LT,ZRY
ROYDON,RYN
ROYSTON HERTS,RYS
RUABON,RUA
RUFFORD,RUF
RUGBY,RUG
RUGELEY TOWN,RGT
RUGELEY TRENT VALLEY,RGL
RUGELEY TRENT VALLEY,RGL
RUNCORN,RUN
RUNCORN EAST,RUE
RUSKINGTON,RKT
RUSWARP,RUS
RUTHERGLEN,RUT
RUTHIN MARKET STREET,RTI
RYDE ESPLANADE,RYD
RYDE HOVERPORT,XRD
RYDE PIER HEAD,RYP
RYDE PIER HEAD,RYP
RYDE ST.JOHN'S ROAD,RYR
RYDER BROW,RRB
RYE,RYE
RYE HOUSE,RYH
SALCOMBE (BUS),XSC
SALE,SLE
Sale Water Park Metrolink,SPM
SALFORD,SFD
SALFORD CRESCENT,SLD
SALFORD QUAYS MTLK,SAQ
SALFORDS,SAF
SALHOUSE,SAH
SALISBURY,SAL
SALISBURY,SAL
SALISBURY,SAL
SALTAIRE,SAE
SALTASH,STS
SALTBURN,SLB
SALTCOATS,SLT
SALTMARSHE,SAM
SALTWOOD JUNCTION,XSI
SALWICK,SLW
SAMPFORD COURTENAY,SMC
SANDAL & AGBRIGG,SNA
SANDBACH,SDB
SANDERSTEAD,SNR
SANDHILLS,SDL
SANDHURST,SND
SANDLING,SDG
SANDOWN,SAN
SANDPLACE,SDP
SANDRINGHAM NORWICH GATES,XSA
SANDWELL & DUDLEY,SAD
SANDWICH,SDW
SANDY,SDY
SANKEY FOR PENKETH,SNK
SANQUHAR,SQH
SARN,SRR
SAUNDERSFOOT,SDF
SAUNDERTON,SDR
SAWBRIDGEWORTH,SAW
SAXILBY,SXY
SAXMUNDHAM,SAX
SCARBOROUGH,SCA
SCOTSCALDER,SCT
SCOTSTOUNHILL GLASGOW,SCH
SCRABSTER,SCB
SCUNTHORPE,SCU
SEA MILLS,SML
SEABURN,SEB
SEAFORD,SEF
SEAFORTH & LITHERLAND,SFL
SEAHAM,SEA
SEAHOUSES BUS,SIB
SEAMER,SEM
SEASCALE,SSC
SEATON CAREW,SEC
SEATON DELAVAL,SEJ
SEATON SEA FRONT,SSF
SEER GREEN AND JORDANS,SRG
SELBY,SBY
SELHURST,SRS
SELHURST  T&RS  MD  M&EE   NSC,XSH
SELKIRK BUS STOP,SKK
SELLAFIELD,SEL
SELLING,SEG
SELLY OAK,SLY
SETTLE,SET
SEVEN KINGS,SVK
SEVEN SISTERS,SVS
SEVENOAKS,SEV
SEVERN BEACH,SVB
SEVERN TUNNEL JN ROGIET POOL,SRB
SEVERN TUNNEL JUNCTION,STJ
SEVINGTON,XVT
Shadowmoss Metrolink,SMM
SHADWELL,SDE
SHAFTESBURY TOWN HALL,SWH
SHALFORD,SFR
SHANKLIN,SHN
SHAW,SHA
SHAWFAIR,SFI
SHAWFORD,SHW
SHAWLANDS GLASGOW,SHL
SHEERNESS STEEL CO PS,XXS
SHEERNESS-ON-SEA,SSS
SHEFFIELD,SHF
SHEFFIELD ARENA,SAI
SHEFFIELD CATHEDRAL,SHQ
SHELFORD,SED
SHENFIELD,SNF
SHENSTONE,SEN
SHEPHERDS BUSH,SPB
SHEPHERDS WELL,SPH
SHEPLEY,SPY
SHEPPERTON,SHP
SHEPRETH,STH
SHEPRETH BRANCH JN,XSP
SHERBORNE,SHE
SHERBURN-IN-ELMET,SIE
SHERINGHAM,SHM
SHETTLESTON,SLS
SHIELDMUIR,SDM
SHIELDS TMD(E),XGW
SHIFNAL,SFN
SHILDON,SHD
SHIPLAKE,SHI
SHIPLEY,SHY
SHIPPEA HILL,SPP
SHIPTON,SIP
SHIREBROOK (DERBYS),SHB
SHIREHAMPTON,SHH
SHIREOAKS,SRO
SHIRLEY,SRL
SHOEBURYNESS,SRY
SHOLING,SHO
SHOREDITCH HIGH STREET,SDC
SHOREHAM (KENT),SEH
SHOREHAM-BY-SEA  (WEST SUSSEX),SSE
SHORTLANDS,SRT
SHORTLANDS,SRT
SHORTLANDS JUNCTION,XOR
SHOTTLE,SHX
SHOTTON,SHT
SHOTTON,SHT
SHOTTON,SHT
SHOTTS,SHS
SHREWSBURY,SHR
SHREWSBURY ABBEY,XSY
SIDCUP,SID
SILEBY,SIL
SILEBY,SIL
SILECROFT,SIC
SILKSTONE COMMON,SLK
SILVER STREET,SLV
SILVERDALE,SVR
SINFIN CENTRAL,SFC
SINFIN NORTH,SIR
SINGER,SIN
SINGLEWELL CROSSOVER,XXN
SITTINGBOURNE,SIT
SIXMILEBRIDGE,XSB
SKEGNESS,SKG
SKELMERSDALE,SKD
SKEWEN,SKE
SKIPTON,SKI
SLADE GREEN,SGR
SLADE GREEN COUNTRY EXIT,XGX
SLAITHWAITE,SWT
SLAITHWAITE,SWT
SLATEFORD EDINBURGH,SLA
SLEAFORD,SLR
SLEIGHTS,SLH
SLOUGH,SLO
SMALL HEATH,SMA
SMALLBROOK JUNCTION,SAB
SMETHWICK GALTON BRIDGE,SGB
SMETHWICK GALTON BRIDGE,SGB
SMETHWICK GALTON BRIDGE,SGB
SMETHWICK ROLFE STREET,SMR
SMETHWICK WEST,SMW
SMITHY BRIDGE,SMB
SNAITH,SNI
SNODLAND,SDA
SNOWDOWN,SWO
SOHAM,SOJ
SOHO M&EE MAINTENANCE DEPOT,XSZ
SOLE STREET,SOR
SOLIHULL,SOL
SOMERLEYTON,SYT
SORTING SIDINGS,XFT
SOUTH ACTON,SAT
SOUTH BANK,SBK
SOUTH BERMONDSEY,SBM
SOUTH CHADDERTON METROLINK,SCM
SOUTH CROYDON,SCY
SOUTH ELMSALL,SES
SOUTH GOSFORTH,SGH
SOUTH GREENFORD,SGN
SOUTH GYLE,SGL
SOUTH HAMPSTEAD,SOH
SOUTH HYLTON,SHZ
SOUTH JUNCTION,XOS
SOUTH JUNCTION,XOH
SOUTH JUNCTION SIGNAL BOX,XNJ
SOUTH KENSINGTON LT,ZSK
SOUTH KENTON,SOK
SOUTH MERTON,SMO
SOUTH MILFORD,SOM
SOUTH RUISLIP,SRU
SOUTH TOTTENHAM,STO
SOUTH WESTERN RS,XWS
SOUTH WIGSTON,SWS
SOUTH WIMBLEDON LT,ZSI
SOUTH WOODHAM FERRERS,SOF
SOUTH YARD CHS,XCT
SOUTHALL,STL
SOUTHAMPTON AIRPORT (PARKWAY),SOA
SOUTHAMPTON CENTRAL,SOU
SOUTHAMPTON CENTRAL,SOU
SOUTHAMPTON DOCKS,SDK
SOUTHAMPTON DOWN GOODS LP,XFW
SOUTHAMPTON EASTERN DOCKS,XSN
SOUTHAMPTON TOWN QUAY,STQ
SOUTHAMPTON WESTERN DOCKS,XSK
SOUTHBOURNE,SOB
SOUTHBOURNE,SOB
SOUTHBURY,SBU
SOUTHEASE,SEE
SOUTHEASE (CHURCH),SEZ
SOUTHEASE A26,SSA
SOUTHEND AIRPORT,SIA
SOUTHEND BR,SSN
SOUTHEND CENTRAL,SOC
SOUTHEND EAST,SOE
SOUTHEND VICTORIA,SOV
SOUTHERHAM JUNCTION,XRH
SOUTHFIELDS,SFS
SOUTHFLEET CROSSOVER,XXP
SOUTHFLEET JUNCTION,XXO
SOUTHMINSTER,SMN
SOUTHPORT,SOP
SOUTHPORT (LORD ST MONUMENT),SOZ
SOUTHSEA HOVERPORT,SHV
SOUTHWELL CHURCH STREET,SUW
SOUTHWELL WESTGATE,SLZ
SOUTHWICK,SWK
SOUTHWOLD BUS,XSO
SOWERBY BRIDGE,SOW
SOWERBY BRIDGE,SOW
SPA ROAD JUNCTION,XSU
SPALDING,SPA
SPEAN BRIDGE,SBR
Special for Charters,SPE
SPEKELAND ROAD F D LIVERPOOL,XSD
SPITAL,SPI
SPONDON,SPO
SPOONER ROW,SPN
SPRING ROAD,SRI
SPRINGBURN GLASGOW,SPR
SPRINGFIELD,SPF
SPRINGHEAD JUNCTION (CTRL),XSR
SQUIRES GATE,SQU
SQWAR ALBAN SQ,AER
ST ALBANS ABBEY,SAA
ST ALBANS CITY,SAC
ST ANDREWS BUS,SAO
ST ANDREWS JUNCTION (WEST MIDS,XON
ST ANDREWS ROAD,SAR
ST ANNES-ON-THE-SEA,SAS
ST AUSTELL,SAU
ST BEES,SBS
ST BUDEAUX FERRY ROAD,SBF
ST BUDEAUX VICTORIA ROAD,SBV
ST COLUMB ROAD,SCR
ST DAVIDS CITY HALL,SDD
ST DENYS,SDN
ST ERTH,SER
ST GERMANS,SGM
ST HELENS CENTRAL,SNH
ST HELENS JUNCTION,SHJ
ST HELIER,SIH
ST IVES CORNWALL,SIV
ST JAMES STREET,SJS
ST JAMES' PARK,SJP
ST JOHNS,SAJ
ST KEYNE,SKN
ST KEYNE VILLAGE,SKV
ST LEO RAILWAY ENGINEERING LTD,XSM
ST LEONARDS W S,SLQ
ST MARGARETS (GREATER LONDON),SMG
ST MARGARETS (HERTFORDSHIRE),SMT
ST MARY CRAY,SMY
ST MARY CRAY JUNCTION,XMU
ST MICHAELS,STM
ST NEOTS,SNO
ST NEOTS CAMBRIDGE STREET,XEI
ST PANCRAS,SPX
ST PANCRAS LONDON,STP
ST PANCRAS LONDON,STP
ST PANCRAS LONDON,STP
ST PANCRAS LOW LEVEL,SPL
ST PETERS,STZ
St Werburghs Road Mtlk,SWJ
ST. JAMES (NEWCASTLE),SJN
ST. MARYS QUAY,SMQ
STADIUM,STI
STAFFORD,STA
STAINES,SNS
STALLINGBOROUGH,SLL
STALYBRIDGE,SYB
STAMFORD,SMD
STAMFORD HILL,SMH
STANFORD-LE-HOPE,SFO
STANHOPE,SNP
STANLOW & THORNTON,SNT
STANMORE LT,ZSM
STANSTED AIRPORT,SSD
STANSTED AIRPORT BUS,XTH
STANSTED MOUNTFITCHET,SST
STAPLEHURST,SPU
STAPLETON ROAD,SRD
STARBECK,SBE
STARCROSS,SCS
STAVELEY (CUMBRIA),SVL
STECHFORD,SCF
STEETON & SILSDEN,SON
STEPPS,SPS
STEVENAGE,SVG
STEVENSTON,STV
STEWARTBY,SWR
STEWARTON,STT
STIRLING,STG
STOATS NEST JN,XJS
STOCKPORT,SPT
STOCKSFIELD,SKS
STOCKSMOOR,SSM
STOCKTON,STK
STOCKTON BROOK,SBN
STOKE MANDEVILLE,SKM
STOKE NEWINGTON,SKW
STOKE SOUTH,SSH
STOKE-ON-TRENT,SOT
STONE,SNE
STONE CROSSING,SCG
STONE CROWN STREET,SCN
STONE GRANVILLE SQUARE,SGQ
STONEBRIDGE PARK,SBP
STONEGATE,SOG
STONEHAVEN,STN
STONEHOUSE GLOS,SHU
STONEHOUSE GLOS,SHU
STONELEIGH,SNL
STORNOWAY (ISLE OF LEWIS),SOY
STOURBRIDGE JN GOODS LOOP,XSF
STOURBRIDGE JUNCTION,SBJ
STOURBRIDGE JUNCTION,SBJ
STOURBRIDGE TOWN,SBT
STOW,SOI
STOWMARKET,SMK
STOWMARKET,SMK
STRAND,BTW
STRANRAER,STR
STRATFORD,SRA
STRATFORD INTERNATIONAL,SFA
STRATFORD INTERNATIONAL,SFA
STRATFORD INTL,SDI
STRATFORD INTL E JN,XXQ
STRATFORD INTL W JN,XXR
STRATFORD OLD YARD,XSV
STRATFORD UPON AVON PARKWAY,STY
STRATFORD-UPON-AVON,SAV
STRATHCARRON,STC
STRAWBERRY HILL,STW
STREATHAM,STE
STREATHAM COMMON,SRC
STREATHAM HILL,SRH
STREATHAM HILL GRP PLATS RLF,XSS
STREET LEIGH RD/CRISPIN HALL,XCU
STREETHOUSE,SHC
STRETFORD,SRF
STRINES,SRN
STROMEFERRY,STF
STROMNESS (ORKNEYS),SOS
STROOD,SOO
STROUD,STD
STROUD,STD
STURRY,STU
STYAL,SYA
SUDBURY & HARROW ROAD,SUD
SUDBURY HILL,SDH
SUDBURY SUFFOLK,SUY
SUGAR LOAF,SUG
SUMMERSTON,SUM
SUNBURY,SUU
SUNDERLAND,SUN
SUNDRIDGE PARK,SUP
SUNNINGDALE,SNG
SUNNYMEADS,SNY
SURBITON,SUR
SURREY CANAL ROAD,SCE
SURREY QUAYS,SQE
SUTTON (IN ASHFIELD) PARKWAY,SPK
SUTTON (SURREY),SUO
SUTTON COLDFIELD,SUT
SUTTON COMMON,SUC
SWAFFHAM (TOURIST INF) BUS,SWB
SWALE,SWL
SWANAGE,SGE
SWANLEY,SAY
SWANSCOMBE,SWM
SWANSCOMBE,SWM
SWANSEA,SWA
SWANSEA DOCKS,SWF
SWANWICK,SNW
SWAY,SWY
SWAYTHLING,SWG
SWINDERBY,SWD
SWINDERBY A46 ROUNDABOUT,SWC
SWINDON,SWI
SWINDON BUS STATION,XDK
SWINESHEAD,SWE
SWINTON,SWN
SWINTON,SWN
SWINTON (GREATER MANCHESTER),SNN
SYDENHAM,SYD
SYDENHAM HILL,SYH
SYDENHAM HILL,SYH
SYON LANE,SYL
SYSTON,SYS
T & RSMD,XSL
T&RSMD,XNC
T&RSMD MATERIALS,XHT
TACKLEY,TAC
TADWORTH,TAD
TADWORTH (THE AVENUE),TTA
TAFFS WELL,TAF
TAFFS WELL DEPOT,XTF
TAIN,TAI
TAL-Y-CAFN,TLC
TALSARNAU,TAL
TALYBONT,TLB
TAME BRIDGE PKWY,TAB
TAMERTON FOLIOT,TMF
TAMWORTH,TAM
TAMWORTH,TAM
TAMWORTH,TAM
TAMWORTH HIGH LEVEL,TAH
TAN-Y-BWLCH FR,TYB
TAPLOW,TAP
TARBERT (ISLE OF LEWIS),TBT
TATTENHAM CORNER,TAT
TAUNTON,TAU
TAUNTON STATION FORECOURT,XDQ
TAVISTOCK BUS STATION,XCV
TAYNUILT,TAY
TC (TUE BROOK SIDINGS),XLT
TEBAY,XIT
TEDDINGTON,TED
TEES VALLEY AIRPORT,TVA
TEES-SIDE AIRPORT,TEA
TEIGNMOUTH,TGM
TELFORD CENTRAL,TFC
TEMPLE MILLS EAST JN.,XTA
TEMPLE MILLS MARSHALLING YD,XTM
TEMPLECOMBE,TMC
TENBY,TEN
TEYNHAM,TEY
TEYNHAM,TEY
THAMES DITTON,THD
THAMESLINK GROUP STATIONS,THK
THANET PARKWAY,THP
THATCHAM,THA
THATTO HEATH,THH
THE HAWTHORNS,THW
THE LAKES,TLK
THEALE,THE
THEOBALDS GROVE APT,TEO
THETFORD,TTF
THIRSK,THI
THORNABY,TBY
THORNE BR,THR
THORNE NORTH,TNN
THORNE SOUTH,TNS
THORNFORD,THO
THORNLIEBANK,THB
THORNTON ABBEY,TNA
THORNTON CARRIAGE H S,XTJ
THORNTON HEATH,TTH
THORNTONHALL,THT
THORPE BAY,TPB
THORPE CULVERT,TPC
THORPE-LE-SOKEN,TLS
THREE BRIDGES,TBD
THREE BRIDGES ROC,XXZ
THREE BRIDGES VOYAGER M.D.,XTB
THREE OAKS,TOK
THREE OAKS,TOK
THURGARTON,THU
THURNSCOE,THC
THURSO,THS
THURSTON,TRS
TILBURY BR,TIB
TILBURY RIVERSIDE,TBR
TILBURY TOWN,TIL
TILE HILL,THL
TILEHURST,TLH
TIMPERLEY,TIM
TINSLEY MEADOWHALL,TIN
TINTAGEL LANGLEY'S SHOP,XCY
TIPTON,TIP
TIR-PHIL,TIR
TIREE (ISLE OF),TEE
TISBURY,TIS
TIVERTON BUS STATION,XDA
TIVERTON PARKWAY,TVP
TMD,XTE
TMD (TRACTION ENGINEERING),XWM
TOBERMORY (ISLE OF MULL),TOB
TODMORDEN,TOD
TOLWORTH,TOL
TON PENTRE,TPN
TONBRIDGE,TON
TONBRIDGE WEST YARD,XTW
TONDU,TDU
TONFANAU,TNF
TONYPANDY,TNP
TOOTING,TOO
TOPSHAM,TOP
TORQUAY,TQY
TORRE,TRR
TOTNES,TOT
TOTNES DOWN STATION FORECOURT,XDP
TOTTENHAM COURT ROAD EL,TCR
TOTTENHAM HALE,TOM
TOTTON,TTN
TOWER GATEWAY DLR,ZTG
TOWER HILL LT,ZTH
TOWN GREEN,TWN
TRAFFORD BAR METROLINK,TBM
TRAFFORD PARK,TRA
TRALEE,TRL
TRECYNON,XTO
TREDEGAR,XTV
TREFFOREST,TRF
TREFFOREST ESTATE,TRE
TREHAFOD,TRH
TREHERBERT,TRB
TREHERBERT SIDINGS,XTY
TRENT EAST JN,XTR
TRENT JUNCTION,XTG
TREORCHY,TRY
TRIMLEY,TRM
TRING,TRI
TROED Y RHIW,TRD
TROON,TRN
TROWBRIDGE,TRO
TRURO,TRU
TULLOCH,TUL
TULSE HILL,TUH
TUNBRIDGE WELLS,TBW
TUNBRIDGE WELLS WEST,TWW
TURKEY STREET,TUR
TURNHAM GREEN LT,ZTU
TUTBURY & HATTON,TUT
TWEEDBANK,TWB
TWICKENHAM,TWI
TWYFORD,TWY
TY CROES,TYC
TY GLAS,TGS
TYGWYN,TYG
TYLORSTOWN,TYR
TYNDRUM BR,TYM
TYNDRUM LOWER,TYL
TYNE MARSHALLING YARD,TYN
TYNEMOUTH,TYP
TYSELEY,TYS
TYWYN,TYW
UCKFIELD,UCK
UDDINGSTON,UDD
UIG (ISLE OF SKYE),UIG
ULCEBY,ULC
ULLAPOOL,ULP
ULLESKELF,ULL
ULVERSTON,ULV
UMBERLEIGH,UMB
UNIVERSITY (BIRMINGHAM),UNI
UNIVERSITY (SUNDERLAND),UNV
UP CARRIAGE SHED,XEU
UP GOODS LOOP,XPU
UP GOODS LOOP,XFX
UP LOOP,XFZ
UP REDHILL BRANCH SIDINGS,XTN
UPHALL,UHA
UPHOLLAND,UPL
UPMINSTER,UPM
UPMINSTER,UPM
UPMINSTER,XUP
UPMINSTER LT,ZUM
UPPER HALLIFORD,UPH
UPPER HOLLOWAY,UHL
UPPER TYNDRUM,UTY
UPPER WARLINGHAM,UWL
UPTON CHESHIRE,UPT
UPWEY,UPW
URMSTON,URM
UTTOXETER,UTT
VALLEY,VAL
VALLEY CENTERTAINMENT,VAE
VAUXHALL LONDON,VXH
VAUXHALL LONDON,VXH
VAUXHALL LONDON,VXH
VELOPARK METROLINK,VPM
VENTNOR,VTN
VICTORIA  BR CARRIAGE SIDINGS,XVC
VICTORIA  CARRIAGE ROAD,XVR
VICTORIA LONDON,VIC
VICTORIA LONDON,VIC
VIRGIN WC - DUMMY,XBC
VIRGINIA WATER,VIR
VOLTAIRE ROAD JN,XVJ
WADDON,WDO
WADDON MARSH,WDA
WADEBRIDGE,WBE
WADHURST,WAD
WADSLEY BRIDGE,WBG
WAINFLEET,WFL
WAKEFIELD BR,WAK
WAKEFIELD KIRKGATE,WKK
WAKEFIELD WESTGATE,WKF
WALKDEN,WKD
WALLASEY GROVE ROAD,WLG
WALLASEY VILLAGE,WLV
WALLINGFORD BUS,XWC
WALLINGFORD MARKET PLACE,XWX
WALLINGTON,WLT
WALLYFORD,WAF
WALMER,WAM
WALSALL,WSL
WALSDEN,WDN
WALTHAM CROSS,WLC
WALTHAMSTOW CENTRAL,WHC
WALTHAMSTOW QUEENS ROAD,WMW
WALTON (MERSEYSIDE),WAO
WALTON-ON-THAMES,WAL
WALTON-ON-THE-NAZE,WON
WANBOROUGH,WAN
WANDSWORTH COMMON LONDON,WSW
WANDSWORTH ROAD LONDON,WWR
WANDSWORTH TOWN,WNT
WANSTEAD PARK,WNP
WANTAGE MARKET PLACE BUS STOP,XDC
WAPPING,WPE
WARBLINGTON,WBL
WARE,WAR
WAREHAM,WRM
WAREHAM DOWN SIDING,XGA
WARGRAVE,WGV
WARMINSTER,WMN
WARNHAM,WNH
WARRINGTON BANK QUAY,WBQ
WARRINGTON BR,WRG
WARRINGTON CENTRAL,WAC
WARRINGTON WEST,WAW
WARWICK,WRW
WARWICK AVENUE LT,ZWV
WARWICK PARKWAY,WRP
WARWICK UNIVERSITY,XWU
WATCHET (BUS),WCT
WATER ORTON,WTO
WATERBEACH,WBC
WATERFORD,WFD
WATERINGBURY,WTR
WATERLOO (EAST) LONDON,WAE
WATERLOO (MERSEYSIDE),WLO
WATERLOO LONDON,WAT
WATERLOO LONDON,WAT
WATERLOO LONDON,WAT
WATERLOO LONDON,WAT
WATERLOO LT,ZWA
WATERLOOVILLE PRECINCT,WVP
WATFORD HIGH STREET,WFH
WATFORD JUNCTION,WFJ
WATFORD JUNCTION,WFJ
WATFORD LT,ZWT
WATFORD NORTH,WFN
WATFORD STADIUM,WFS
WATFORD WEST,WFW
WATLINGTON,WTG
WATTON-AT-STONE,WAS
WAUNGRON PARK <FAIRWATER>,WNG
WAVERTREE TECHNOLOGY PARK,WAV
WC LONGSIGHT FLT CMD CARR ENG,XML
WEASTE MTLK,WMT
WEAVER JN SIGNAL BOX,XYJ
WEDGWOOD,WED
WEDGWOOD,WER
WEDGWOOD ENTRANCE OLD ROAD,WEO
WEEDON,XWZ
WEELEY,WEE
WEETON,WET
WELHAM GREEN,WMG
WELLING,WLI
WELLINGBOROUGH,WEL
WELLINGTON,WLN
WELLINGTON (SOMERSET),WLQ
WELLS (SOMERSET) PRINCES ROAD,XDH
WELLS NEXT THE SEA,WEN
WELSHPOOL,WLP
WELWYN GARDEN CITY,WGC
WELWYN NORTH,WLW
WEM,WEM
WEMBLEY CENTRAL,WMB
WEMBLEY CENTRAL,WMB
WEMBLEY LMD,XWY
WEMBLEY STADIUM,WCX
WEMYSS BAY,WMS
WENDOVER,WND
WENNINGTON,WNN
WENNINGTON CROSSOVERS,XXU
WEST ALLERTON,WSA
WEST BROMPTON,WBP
WEST BYFLEET,WBY
WEST CALDER,WCL
WEST COWES,WTW
WEST CROYDON,WCY
WEST DIDSBURY METROLINK,WDI
WEST DRAYTON,WDT
WEST DULWICH,WDU
WEST DULWICH,WDU
WEST EALING,WEA
WEST END,XFV
WEST HAM,WEH
WEST HAM LT,ZWZ
WEST HAMPSTEAD,WHD
WEST HAMPSTEAD BR,WSD
WEST HAMPSTEAD THAMESLINK,WHP
WEST HORNDON,WHR
WEST KILBRIDE,WKB
WEST KIRBY,WKI
WEST LONDON JN,XWI
WEST MALLING,WMA
WEST NORWOOD,WNW
WEST RUISLIP,WRU
WEST RUNTON,WRN
WEST ST LEONARDS,WLD
WEST STREET GLASGOW,WSG
WEST SUTTON,WSU
WEST WICKHAM,WWI
WEST WORTHING,WWO
WEST WORTHING  CARRIAGE SIDNGS,XWW
WESTBURY STATION APPROACH,XDS
WESTBURY WILTS,WSB
WESTBURY WILTS,WSB
WESTBURY WILTS,WSB
WESTCLIFF,WCF
WESTCOMBE PARK,WCB
WESTENHANGER,WHA
WESTENHANGER CROSSOVERS,XXX
WESTER HAILES,WTA
WESTERFIELD,WFI
WESTERTON,WES
WESTGATE-ON-SEA,WGA
WESTHOUGHTON,WHG
WESTON MILTON,WNM
WESTON-SUPER-MARE,WSM
WESTWOOD METROLINK,WWM
WETHERAL,WRL
WEXFORD,WXF
WEYBRIDGE,WYB
WEYBRIDGE,WYB
WEYMOUTH,WEY
WHALEY BRIDGE,WBR
WHALLEY,WHE
WHATSTANDWELL,WTS
WHIFFLET,WFF
WHIMPLE,WHM
WHINHILL,WNL
WHISTON,WHN
WHITACRE JUNCTION,XQW
WHITBY,WTB
WHITBY LANGBORNE,WTZ
WHITCHURCH (HAMPSHIRE),WCH
WHITCHURCH (SHROPSHIRE),WTC
WHITCHURCH (SOUTH GLAMORGAN),WHT
WHITE HART LANE,WHL
WHITE NOTLEY,WNY
WHITE ROSE (LEEDS),WRO
WHITECHAPEL,ZLW
WHITECHAPEL EL,WHX
WHITECRAIGS,WCR
WHITEFIELD,WTF
WHITEHAVEN,WTH
WHITEHILL,WHH
WHITLAND,WTL
WHITLEY BRIDGE,WBD
WHITLINGHAM,XWH
WHITLOCKS END,WTE
WHITSTABLE,WHI
WHITTLESEA,WLE
WHITTLESFORD PARKWAY,WLF
WHITTON,WTN
WHITWELL (DERBYS),WWL
WHS C.S.,XTS
WHYTELEAFE,WHY
WHYTELEAFE SOUTH,WHS
WHYTELEAFE SOUTH,WHS
WICHNOR JUNCTION,XWE
WICK,WCK
WICKFORD,WIC
WICKHAM MARKET,WCM
WICKLOW,WKL
WIDDRINGTON,WDD
WIDNES,WID
WIDNEY MANOR,WMR
WIGAN BR,WIG
WIGAN NORTH WESTERN,WGN
WIGAN WALLGATE,WGW
WIGAN WALLGATE CARR. SDG.,XWG
WIGTON,WGT
WILDMILL,WMI
WILLENHALL,WIA
WILLESDEN JUNCTION,WIJ
WILLESDEN JUNCTION,WIJ
WILLESDEN JUNCTION,WIJ
WILLESDEN JUNCTION,WIJ
WILLESDEN JUNCTION,WIJ
WILLESDEN JUNCTION HIGH LEVEL,WJH
WILLESDEN JUNCTION LOW LEVEL,WJL
WILLESDEN NO 7,XXW
WILLESDEN PRDC,XRN
WILLIAMWOOD,WLM
WILLINGDON JUNCTION,XIL
WILLINGTON,WIL
WILMCOTE,WMC
WILMSLOW,WML
WILNECOTE,WNE
WIMBLEDON,WIM
WIMBLEDON,WIM
WIMBLEDON,WIM
WIMBLEDON CHASE,WBO
WIMBLEDON PARK,WPK
WIMBLEDON PARK C.S.D.,XWP
WINCHELSEA,WSE
WINCHELSEA,WSE
WINCHELSEA - NEW INN,WNI
WINCHESTER,WIN
WINCHFIELD,WNF
WINCHMORE HILL,WIH
WINDERMERE,WDM
WINDSOR & ETON CENTRAL,WNC
WINDSOR & ETON RIVERSIDE,WNR
WINNERSH,WNS
WINNERSH TRIANGLE,WTI
WINSFORD,WSF
WINSLOW,WNO
WIRKSWORTH,WIR
WISBECH HORSEFAIR,WIS
WISHAW,WSH
WITHAM,WTM
WITHAM ST HUGHES,WIU
WITHINGTON METROLINK,WMM
WITLEY,WTY
WITNEY,WMP
WITTON BIRMINGHAM,WTT
WITTON PARK,WTP
WIVELSFIELD,WVF
WIVELSFIELD,WVF
WIVENHOE,WIV
WIXAMS,WIX
WOBURN SANDS,WOB
WOKING,WOK
WOKING DOWN YARD,XWQ
WOKING EAST END SIDINGS,XGE
WOKINGHAM,WKM
WOKINGHAM DOWN SDG,XGG
WOLDINGHAM,WOH
WOLSINGHAM,WLH
WOLVERHAMPTON,WVH
WOLVERHAMPTON,WVH
WOLVERTON,WOL
WOMBWELL,WOM
WOOD END,WDE
WOOD STREET,WST
WOODBRIDGE,WDB
WOODBURN ROAD,WOD
WOODGRANGE PARK,WGR
WOODHALL PORT GLASGOW,WDL
WOODHOUSE,WDH
WOODLANDS ROAD,WDR
WOODLESFORD,WDS
WOODLEY,WLY
WOODLEY (HUNTERS INN),WDY
WOODMANSTERNE,WME
WOODSMOOR,WSR
WOOL,WOO
WOOLMER GREEN JN.,XGN
WOOLSTON,WLS
WOOLWICH ARSENAL,WWA
WOOLWICH DOCKYARD,WWD
WOOLWICH EL,WWC
WOOTTON BASSETT HIGH STREET,XDI
WOOTTON WAWEN,WWW
WORCESTER BR,WRC
WORCESTER FOREGATE STREET,WOF
WORCESTER PARK,WCP
WORCESTER S H CARR CLNG,XWR
WORCESTER SHRUB HILL,WOS
WORCESTERSHIRE PARKWAY,WOP
WORCESTERSHIRE PARKWAY HL,WPH
WORKINGTON,WKG
WORKINGTON (BUS STATION),WOX
WORKSOP,WRK
WORLE,WOR
WORPLESDON,WPL
WORSTEAD,WRT
WORTHING,WRH
WRABNESS,WRB
WRAYSBURY,WRY
WRENBURY,WRE
WRESSLE,WRS
WREXHAM CENTRAL,WXC
WREXHAM GENERAL,WRX
WREXHAM GENERAL,WRX
WYE,WYE
WYLAM,WYM
WYLDE GREEN,WYL
WYMONDHAM,WMD
WYTHALL,WYT
Wythenshawe Park Metrolink,WPM
Wythenshawe Town Cntr MTLK,WHK
YALDING,YAL
YARDLEY WOOD,YRD
YARM,YRM
YARMOUTH (I.O.W) SLIPWAY,YMH
YARMOUTH (I.O.W) SLIPWAY,YMH
YATE,YAE
YATTON,YAT
YEOFORD,YEO
YEOVIL BUS STN,YVB
YEOVIL JN DOWN MAIN SDG,XGK
YEOVIL JUNCTION,YVJ
YEOVIL JUNCTION,YVJ
YEOVIL JUNCTION,YVJ
YEOVIL PEN MILL,YVP
YEOVIL PEN MILL,YVP
YETMINSTER,YET
YNYSWEN,YNW
YOKER,YOK
YOKER STABLING & CLEANING,XYD
YORK,YRK
YORK SIEMENS TRANSPORTATION,XYK
YORK WAY NORTH JN,XXV
YORK WAY SOUTH JUNCTION,XXY
YORK YARD SOUTH,XYS
YORTON,YRT
YSTRAD MYNACH,YSM
YSTRAD RHONDDA,YSR
YSTRADGYNLAIS BUS STATION,YST